Edna Cook,60 Lucar Mill,AZ,63053,(983) 685-6373,Female,99184
Mark Morgan,696 Hilu Turnpike,WY,42845,(379) 451-4021,Female,82958
Jim West,170 Vajpa View,TX,79443,(838) 258-9594,Female,99553
Bertha Smith,579 Vidow Way,AR,43048,(219) 618-6231,Male,6965
Lola Gross,465 Pomu Trail,WA,60615,(411) 352-8966,Female,73014
Sallie Olson,427 Ravo Mill,AR,89816,(257) 693-9142,Male,56503
Max Weaver,18 Cajpan River,MT,22179,(973) 345-5921,Female,62931
Lou Roberson,220 Nebsu Square,TN,84575,(838) 904-8104,Female,64863
Gerald Shaw,131 Gojibo Parkway,DC,90114,(482) 489-9749,Male,81804
Susie Crawford,875 Umopus River,DE,42784,(689) 671-4825,Female,80211
Johanna Silva,728 Elira Circle,GA,30379,(201) 425-4565,Male,61722
Lester Moss,348 Noto Grove,TX,94033,(734) 744-4958,Male,7683
Shane Bennett,784 Jowubo Point,IN,35928,(874) 208-7702,Male,90416
Margaret Hudson,276 Gegbop Street,PA,39072,(581) 966-8809,Male,3807
Ronnie Fitzgerald,806 Wotip Heights,KY,7678,(612) 742-6380,Female,33813
Jane Cox,435 Fesom Drive,MN,98587,(764) 989-2544,Male,83348
William Perry,409 Edap Grove,MT,79723,(337) 944-9353,Female,95725
Rosa Keller,854 Hitom Extension,TX,51284,(574) 514-6127,Female,94076
Mitchell Lewis,6 Ondo Court,OR,85226,(944) 777-2347,Female,77793
Marguerite Hines,442 Pigizo Lane,NM,38872,(211) 816-6284,Male,53007
Jordan Terry,568 Luepu Pike,MN,69057,(365) 683-3843,Female,29540
Teresa Huff,843 Ukzed Highway,WV,69178,(947) 594-4356,Female,44140
Garrett Brewer,901 Palif Way,IA,41719,(962) 536-4678,Male,99643
Katherine Casey,51 Porril Square,NV,11740,(986) 294-1302,Female,83999
Kate Sparks,981 Ulugo Grove,NV,18591,(456) 544-2210,Male,26135
Leila Thornton,262 Ajowa Junction,AK,16180,(843) 426-8060,Male,16635
Hester Mack,896 Rowav Glen,AK,52505,(208) 201-2814,Female,33961
Mabelle Neal,941 Unike Loop,MA,58131,(418) 202-4104,Male,24885
Mable Hall,811 Worap Circle,NC,56448,(261) 528-5612,Male,68893
Gabriel Rowe,852 Situr Turnpike,ME,41965,(337) 702-7517,Male,67134
Lottie Conner,405 Uvvec Road,RI,73998,(467) 233-1204,Female,60230
Louise Hunt,348 Geze Highway,MO,19665,(875) 617-5247,Male,32013
Steve Gregory,304 Dezkec Glen,HI,99040,(974) 254-8363,Female,59962
Elmer Holt,976 Durke Square,UT,50473,(677) 508-8165,Female,69914
Garrett Murray,238 Nuifi Circle,MD,85717,(564) 681-4926,Female,1867
Owen Hudson,847 Peeta View,CO,46824,(689) 541-6257,Male,71773
Theresa Franklin,441 Ivutih Street,CO,88026,(883) 340-7089,Male,30445
Esther Simmons,873 Mavo Square,RI,46679,(972) 536-4545,Male,93246
John Hudson,743 Solcu Junction,KS,41108,(878) 564-6501,Female,73015
Brent Baldwin,273 Ezera Loop,VT,19777,(434) 839-9663,Male,24410
Herbert Larson,559 Iluva Plaza,WA,18665,(389) 918-2622,Male,48141
Justin Collins,34 Uzgo Point,TX,5797,(532) 400-4754,Female,40783
Delia Fisher,720 Rewe Road,FL,58831,(961) 566-1297,Male,98616
Duane Morton,423 Sulbif River,WA,26515,(613) 346-2263,Female,90602
Ethan Johnston,420 Enron Highway,TN,10841,(451) 288-8664,Female,83844
Gussie Mason,114 Usieze River,MT,5056,(866) 777-6039,Male,79849
Ernest Stevens,952 Kepap Plaza,NH,1743,(339) 388-9026,Male,63053
Clyde Welch,324 Zoru Lane,NH,60784,(964) 698-1038,Female,80190
Phoebe Sandoval,988 Zivo River,WA,43948,(744) 747-5732,Male,6165
Nell Barrett,955 Ruzrej Trail,DE,23463,(489) 481-8827,Male,1361
Carrie Flowers,849 Omuon Heights,ID,59326,(587) 696-9026,Female,40085
Glen Bates,606 Hadbu Avenue,NE,82873,(332) 593-6005,Female,25743
Mathilda Roberts,738 Zivir Heights,OH,48370,(882) 790-2185,Male,59742
Jon Leonard,232 Lispo Way,SD,28785,(708) 629-2748,Male,75867
Derrick Aguilar,255 Zajuk Parkway,MI,49474,(671) 573-8978,Male,70842
Edna McCormick,1 Enavac Avenue,ME,18191,(989) 655-5535,Female,26420
Josephine Bell,722 Dagik Path,MA,90344,(288) 483-9271,Female,90457
Barry Fuller,627 Aspit Trail,NE,27677,(625) 587-5110,Female,71111
Lou Jenkins,976 Subi Circle,WA,1036,(366) 706-4133,Male,42497
David Gibson,353 Mose Path,OK,10594,(555) 575-4482,Female,81416
Carlos Watson,807 Hinru Square,NY,38968,(302) 939-3678,Female,69378
Bertha Butler,759 Omobu Ridge,MS,81569,(952) 891-4911,Female,95766
Hattie Reese,534 Oweba Loop,NY,55977,(488) 565-4939,Female,72985
Hulda Brooks,971 Sunfa Extension,AR,98079,(370) 202-6999,Male,33317
Myra Armstrong,342 Ocfom Lane,NC,8168,(329) 475-6762,Male,51018
Jon Morgan,683 Leccir Heights,CO,54821,(520) 698-8335,Male,32798
Benjamin Ramos,909 Sicev Point,VT,12735,(640) 628-9328,Female,97244
Sylvia Ortiz,943 Lubo Ridge,MS,27883,(938) 558-4039,Male,90518
Jack Townsend,626 Urkun Park,WY,22756,(767) 838-7481,Male,40545
Cameron Greene,832 Batis Mill,AL,45700,(307) 343-1265,Male,13117
Mark Rodgers,646 Cawe Parkway,WA,75733,(854) 533-1136,Male,28184
Helena Jennings,956 Kool Key,MO,16628,(944) 234-9189,Male,45879
Brent Hoffman,155 Lewaji Square,RI,85282,(959) 641-8824,Male,76411
Martin Hampton,25 Cunu Loop,FL,78739,(750) 577-5568,Female,27900
Rosa King,317 Wolho Boulevard,MS,8313,(540) 437-8016,Male,29666
Mary Lucas,644 Goza Manor,NJ,20413,(562) 214-6676,Male,4327
Susan Thornton,449 Vologe Square,OR,14716,(573) 481-8886,Female,49077
Evan Graves,412 Eceli Parkway,OK,23819,(557) 823-5788,Female,17462
Bertie Castillo,53 Cogog Glen,CO,67608,(562) 460-4615,Male,27064
Wayne Wagner,688 Cowap Point,KY,61769,(447) 631-1264,Male,38398
Violet Ingram,505 Zakes River,NM,93719,(874) 583-8220,Male,3453
Jeffrey Jacobs,183 Coltum Center,WY,15418,(254) 498-6563,Male,58557
Melvin Hill,582 Zujva Circle,MD,91351,(728) 587-9385,Male,81456
William Campbell,946 Vijan Avenue,WY,81356,(481) 735-5516,Female,499
Leo Fernandez,701 Ukuete Turnpike,MO,76927,(641) 863-4297,Male,16187
Wayne Harvey,993 Igoiru Highway,NY,1864,(701) 972-9214,Female,70074
Rosa Burke,233 Tulkag Path,MI,65385,(543) 957-8045,Male,55189
Herman Torres,735 Weviw Highway,VA,62937,(877) 571-7409,Female,58493
Verna Nash,330 Koom Heights,AR,63931,(876) 964-6941,Male,13373
Gilbert Glover,647 Isugij Parkway,AR,68375,(816) 890-9698,Female,66191
Isaiah Ellis,396 Dika Ridge,NY,85753,(706) 963-5761,Male,76269
Mary Craig,364 Wobuh Key,WV,25241,(336) 407-1793,Male,58404
Rosetta Medina,790 Vuden Loop,MS,20238,(486) 366-9984,Male,41660
Hulda McKenzie,472 Hipgo Glen,DE,90382,(254) 621-8785,Male,13604
Laura Gardner,809 Niejo Turnpike,WI,2312,(975) 666-6165,Female,88189
Bruce Singleton,992 Roffen Trail,NJ,72234,(218) 471-6639,Male,25708
Lina Logan,576 Ladej Park,DC,21568,(376) 311-1522,Male,24288
Mabel Pratt,72 Gadwiv Avenue,WY,37002,(820) 689-8342,Male,41162
Lucas Baldwin,924 Jiszi Avenue,MD,71085,(558) 868-6169,Male,37058
Leona Ferguson,792 Puud Ridge,ID,99604,(558) 640-7865,Female,95174
Arthur Gray,512 Padus Mill,MD,64401,(455) 864-8179,Male,18451
Lucy Williamson,559 Resud Center,AR,68551,(578) 765-9140,Female,97278
Paul Spencer,169 Ifro Turnpike,MD,39132,(656) 832-5327,Male,70790
Lillie Morgan,85 Upune Trail,WY,7459,(955) 322-7290,Male,28528
Mabel Lopez,594 Ofop Glen,AL,79125,(422) 624-8724,Male,65201
Mayme Tran,18 Jocfe Center,VT,23229,(730) 770-1697,Female,8000
Caroline Jimenez,3 Fikzoj Place,TN,71267,(549) 933-5038,Male,97272
Scott Ferguson,349 Vitfa Grove,UT,26506,(231) 201-4679,Female,69328
Linnie Dixon,172 Lepgun Court,AL,62073,(212) 909-9082,Male,2034
Lucile Roberts,148 Usobe Parkway,PA,89141,(838) 850-6639,Female,58455
Beatrice Rose,709 Asogo Terrace,NH,63717,(907) 980-3192,Female,81904
Wayne Martinez,481 Pisizo Parkway,ND,40407,(211) 592-3951,Male,14878
Madge Hill,574 Siri Park,WI,31134,(682) 639-1981,Female,6200
Alta Walton,537 Suzas Pass,CO,68184,(206) 889-5582,Male,33507
Leo Ball,504 Gudsuf Boulevard,ME,87256,(746) 464-7920,Female,97608
Erik Sharp,313 Eghe Trail,MN,1321,(555) 502-5108,Female,49491
Justin Warner,997 Moez Junction,OR,4986,(872) 642-2915,Female,91063
Olivia Barber,857 Tibok Parkway,RI,2319,(833) 785-4650,Male,88909
Micheal Crawford,112 Icto Court,HI,10209,(643) 232-8643,Male,11797
Phillip Greer,836 Vaju Lane,UT,71944,(573) 271-2050,Female,44844
Joshua Diaz,401 Ehfac Street,MO,36404,(774) 405-8447,Female,94551
Bessie Collins,443 Zebuko Key,DE,37944,(705) 428-5354,Male,18326
Marie Page,376 Cazi Manor,WV,69977,(241) 493-7318,Male,93104
Lillian Ward,856 Oclu Lane,FL,9976,(228) 635-1649,Female,29268
Steven Guerrero,109 Ranmow Manor,VT,18214,(783) 439-5636,Female,44739
Hallie Spencer,758 Uriru Heights,TN,76154,(323) 302-1851,Male,60241
Katherine Torres,563 Igugov Pass,RI,57288,(783) 446-2709,Female,14269
Scott Morales,729 Ipjud Manor,NM,98579,(300) 985-5576,Male,22363
Caroline Cook,482 Saiv Grove,MA,72524,(212) 628-2543,Female,65032
Maria Hampton,803 Gipag Pike,TN,47145,(861) 748-9263,Male,93298
Jeanette Barnett,174 Mopcu Loop,WV,40617,(617) 988-4666,Male,15907
Eleanor Delgado,875 Opto Pass,FL,59096,(318) 792-7372,Male,6069
Ophelia Hayes,214 Imuupe Glen,NJ,37600,(736) 696-6445,Female,53535
Ethel Guerrero,158 Oraunu Turnpike,SC,78199,(528) 770-3396,Male,18145
Maria McKinney,207 Tese Street,MA,8201,(989) 288-2790,Male,3470
Beatrice Hanson,779 Iceik Path,WA,3826,(923) 406-1165,Female,92342
Margaret King,939 Rewi View,GA,47716,(203) 222-6152,Male,40971
Andrew Sullivan,103 Pobhoc Drive,WV,81347,(540) 728-2424,Female,71899
Lou Soto,711 Wifbi River,NM,15539,(376) 531-7514,Male,79714
Ryan Hoffman,42 Ojob Highway,OR,64041,(842) 830-5958,Female,65661
Max Hopkins,273 Maita Extension,VA,77343,(716) 294-1267,Male,86363
Christopher Murray,794 Jazlew Lane,FL,95448,(929) 659-5650,Female,6784
Antonio Cox,566 Soha Manor,ND,69220,(784) 264-8434,Female,28444
Keith Holloway,839 Evebaw Road,MO,95944,(615) 432-1650,Female,26523
Ruth Simmons,268 Puwoji Turnpike,DE,74626,(610) 541-4381,Male,65145
Lina Austin,446 Buur Street,VT,7917,(712) 854-8772,Female,26627
Austin Mann,991 Otfe Turnpike,MO,82617,(836) 479-8764,Female,48398
Barbara Sherman,323 Fifne Ridge,HI,43887,(810) 409-1396,Male,28390
Allen Poole,406 Cori Terrace,CA,1196,(383) 818-6035,Female,26533
Sam Payne,624 Joow Square,NH,89872,(570) 669-1463,Female,65150
Delia Perez,175 Tiggik Mill,MN,32288,(820) 200-3179,Male,30990
Anthony Ramsey,568 Juba Extension,RI,62786,(630) 530-1998,Female,46802
Charlie Goodman,522 Zewuj View,MD,34076,(924) 825-8132,Female,69609
Troy Conner,93 Odeca Path,MO,62657,(418) 870-4093,Female,75531
Lee Erickson,125 Welus Street,NY,65538,(615) 314-3727,Male,38357
Lillian Lloyd,874 Sabo Center,MS,50328,(737) 296-5941,Male,51407
Jeanette Murray,577 Wakdo Parkway,ND,89507,(671) 510-1869,Male,35586
Cornelia Stanley,765 Ucma Road,IN,38112,(382) 806-2370,Female,37835
Ina Sandoval,451 Iveic Path,NE,11847,(209) 884-1249,Female,8594
Owen Morales,410 Ukisas Heights,IN,23100,(809) 888-9678,Male,26674
Viola Fletcher,226 Kuhku Court,NY,10481,(233) 222-3214,Male,95319
Celia Fitzgerald,721 Eviku Court,WI,94704,(523) 539-4934,Female,19720
Violet Rodgers,535 Kowin Square,AZ,41973,(772) 823-1782,Female,87380
Bettie Wilkerson,284 Tukur Loop,MI,49470,(215) 399-5090,Male,39052
Marvin Mack,960 Kuru Path,FL,41985,(774) 284-8297,Female,33541
Aiden Fields,611 Rusjiw Loop,GA,14402,(552) 898-3630,Female,71959
Joseph Malone,727 Senho Grove,OR,61903,(840) 664-1385,Male,98959
Micheal Glover,159 Dorun Circle,SC,47172,(331) 382-3521,Male,22911
Leon Schmidt,207 Aptar Junction,LA,45471,(933) 874-8473,Female,42838
Lee Warner,77 Ecuzo Manor,MA,9421,(242) 972-6118,Female,12652
Norman Schmidt,218 Cafase Grove,CO,30490,(667) 750-4431,Male,57782
Ivan Baldwin,517 Esudef Square,SC,40619,(573) 358-4532,Female,44049
Stanley Figueroa,171 Leno Mill,DC,14795,(963) 517-1382,Male,70302
Cornelia Moore,87 Jowba Turnpike,UT,36351,(446) 947-9915,Female,32764
Elsie Holloway,960 Sizgew Way,AR,27574,(431) 813-1452,Female,55300
Jane Schneider,908 Tocbir View,MI,37238,(827) 687-5594,Female,12948
Roger Simmons,525 Arris Point,MN,70012,(409) 618-1948,Male,31421
Henrietta Bush,51 Sohic Glen,OH,85599,(458) 814-2552,Female,20590
Delia Gordon,976 Jezvoj Court,DC,24820,(513) 892-9396,Female,86135
Lura Holmes,199 Oluje Boulevard,DE,36707,(484) 663-2397,Male,46680
Edith Guerrero,768 Buji Road,IA,14379,(384) 499-9413,Male,25671
Ethan Byrd,888 Pemeh Circle,NH,55628,(462) 799-6329,Female,729
Edith Delgado,799 Udoho Heights,AL,33872,(366) 336-7638,Male,8482
Amy Collier,61 Vofik Turnpike,NV,99452,(319) 539-2995,Male,24905
Derrick Andrews,880 Losmit Extension,FL,26936,(432) 927-8125,Female,58774
Iva Morrison,486 Lubwad Ridge,AR,2638,(909) 959-6717,Female,3838
Luis Davis,957 Lupe Loop,SD,7471,(239) 709-7062,Male,95074
Emma Poole,183 Mafa Street,TX,9921,(385) 322-7821,Male,30444
Justin Hopkins,397 Imdo Point,IN,22758,(341) 652-6734,Female,59363
Ronnie Curry,365 Wuna Junction,NC,58240,(281) 750-4846,Male,27982
Bryan Ortega,955 Kicwu Plaza,DC,70567,(818) 226-9792,Female,88572
David Reyes,65 Didoru Park,AZ,73608,(755) 419-6825,Male,72061
Todd Crawford,131 Diiwu Terrace,TX,36244,(411) 226-5483,Male,74784
Christian Stephens,778 Lupuj Glen,CO,35052,(416) 792-5198,Female,63781
Bessie Hardy,994 Rilni Road,NC,10101,(557) 717-5903,Male,64144
Dustin Bishop,311 Gorgav Square,MA,92473,(284) 726-5881,Male,81623
Walter Obrien,67 Bokro Avenue,IA,18908,(875) 958-1729,Male,7762
Joel Tucker,610 Gogbed Manor,VT,50495,(642) 564-3252,Female,66618
Douglas Lynch,431 Uhavo Lane,NH,57792,(585) 598-3420,Female,26847
Alejandro Barker,119 Jico Pass,ME,59942,(281) 283-7338,Female,31131
Clara Lyons,890 Zujun Highway,IL,79101,(742) 386-4480,Female,70578
Leroy Cook,804 Voni Square,MS,2374,(374) 774-5364,Female,14712
Manuel Hansen,885 Isju Point,VA,44991,(658) 980-8034,Male,79200
Sallie Russell,224 Bobleb Street,DC,29168,(338) 611-7391,Male,49646
Catherine Summers,296 Afrop Drive,WA,22136,(235) 371-8635,Male,92928
Maud Drake,243 Veken Highway,AZ,2066,(938) 633-5885,Male,13597
Eugene Patton,307 Winow Key,TX,26997,(621) 771-2246,Male,89141
Nellie Erickson,286 Kajis Boulevard,OR,60442,(641) 560-5452,Female,57382
Pearl Torres,211 Hazog Parkway,NH,13699,(681) 730-9698,Female,67183
Ian Boyd,38 Aswep Turnpike,AZ,73102,(881) 428-6575,Female,10501
Luis Flowers,896 Lijbe Road,MN,13190,(869) 638-3135,Female,54295
Theodore Castillo,346 Nebe Heights,CA,66679,(606) 426-9185,Male,30575
Zachary Goodwin,216 Lagok Street,WI,9769,(930) 604-1243,Female,21288
Laura Taylor,993 Zizi Grove,SD,96872,(651) 521-5430,Female,76263
Bernard Schneider,200 Sojis Drive,WY,22662,(603) 412-5141,Female,53965
Lydia Cole,229 Umiig Plaza,SD,78974,(966) 486-2000,Female,29680
Vincent Wheeler,557 Okig Boulevard,NH,83122,(651) 713-9978,Male,32009
Tony Wallace,191 Fontul River,TX,76395,(947) 326-7592,Male,16591
Charlie Patrick,663 Reeb Extension,ME,81930,(300) 302-3870,Female,71701
Jesse Foster,68 Nove Extension,AK,2459,(917) 477-5265,Female,2903
Jeremy Ruiz,526 Juzsu Glen,AZ,41340,(789) 669-8851,Female,58250
Dominic Becker,384 Mice Boulevard,NC,28354,(203) 942-8060,Female,62176
Michael Burgess,355 Alaopo River,MT,55647,(628) 683-7936,Male,16398
Jane Floyd,14 Udili Road,OK,17836,(949) 436-7074,Female,76995
Gavin Stanley,468 Vukik Loop,WI,24627,(541) 824-5029,Male,56583
Louis Norton,115 Teto Circle,CO,80876,(433) 482-2531,Male,88784
Justin Ramirez,101 Nikap Mill,AK,48243,(759) 734-2996,Male,55576
Marion Farmer,388 Wegsa Point,SD,48145,(560) 656-2528,Female,81119
Jorge Jones,155 Womwel Plaza,KS,51322,(589) 499-4085,Female,67678
Mabelle Day,19 Poji Manor,VA,85576,(838) 207-2006,Female,8610
Sara Black,553 Doshu Grove,AK,17270,(831) 289-1661,Male,8185
Mattie Gray,931 Hebo Pass,OK,61085,(213) 566-8842,Male,58344
William Porter,230 Parek Loop,AL,636,(576) 520-5209,Female,55250
Callie Flowers,236 Cipbi Glen,NH,47936,(403) 334-9483,Male,59535
Jeffrey Robertson,14 Sehi Lane,UT,69369,(209) 573-6175,Male,52249
Margaret Moody,859 Lapi Avenue,NC,57051,(804) 661-4383,Male,99235
Alejandro Mendoza,639 Ujulum Junction,IL,38241,(679) 783-1717,Female,11079
Eunice Butler,116 Nurbo Glen,LA,15503,(965) 446-4285,Male,9188
Jerry Nguyen,664 Nohum River,AZ,63214,(626) 967-7997,Female,91377
Francis Roberson,514 Bugtoc River,ME,49865,(815) 539-1729,Female,57829
Adrian Turner,698 Zaabi Junction,CO,72193,(555) 809-5685,Female,37854
Andrew Butler,2 Bifa Court,CO,70854,(544) 556-9154,Female,32709
Wayne Owen,832 Abesiw River,DE,44320,(977) 238-9440,Female,35545
Mollie Hart,802 Zivnig Circle,ID,87399,(737) 429-5394,Female,11721
Steve Marsh,975 Zacuz Trail,LA,76645,(318) 745-3002,Male,17904
Frank Mendez,600 Rudvo Plaza,AK,1933,(354) 781-5196,Female,86446
Jeremiah Clarke,123 Mapoc Ridge,NE,4804,(472) 939-4733,Male,62018
Matthew Lamb,21 Cebo Circle,VT,65392,(539) 560-8556,Female,18354
Mamie Steele,240 Mucep Park,AK,46540,(840) 308-3784,Female,6646
Sam Schneider,164 Julal Key,DE,1178,(820) 711-3650,Female,90084
Connor Yates,498 Suji Manor,WA,78571,(401) 955-7745,Female,56726
Victoria Thompson,66 Kuleri Ridge,MI,27426,(481) 631-2362,Male,41477
Logan Fletcher,543 Acuve View,AZ,1009,(266) 767-3420,Male,16761
Pearl Fowler,465 Hufdec Junction,OK,6114,(983) 538-4205,Female,27785
Adelaide Zimmerman,883 Itgu Trail,FL,43004,(827) 475-5597,Female,55474
Joseph Cortez,785 Ojaco Park,IA,78505,(518) 687-4873,Female,48129
Austin Roberson,845 Hedde Park,WI,97294,(705) 908-9828,Female,33985
Adelaide Hale,654 Umgop Highway,CT,76940,(824) 316-8864,Female,28142
Cole Ford,974 Felir Plaza,IL,62940,(428) 937-4124,Male,84936
Lucinda Blair,209 Jauk Road,CT,10496,(482) 805-6414,Female,21758
Christopher Ellis,972 Cedu Plaza,WI,33283,(816) 281-4001,Female,65785
Zachary Hayes,878 Rupwo Drive,DC,54203,(303) 358-3504,Male,78029
Bessie Osborne,137 Gerim Loop,CO,32617,(919) 674-6313,Female,12748
Andre Gill,580 Vudo Avenue,LA,37611,(663) 375-8283,Female,26374
Agnes Hudson,757 Supif Road,CA,94910,(737) 402-2360,Female,98847
Hattie James,504 Uwis Point,NC,46033,(921) 482-8043,Female,80732
Birdie Wilkins,214 Wiuri Lane,ND,71294,(227) 589-8973,Female,42122
Elmer Johnson,81 Sefzoh Trail,KY,34227,(455) 474-5630,Female,72932
Ethan Bishop,611 Godbuf Mill,UT,57122,(866) 646-9166,Female,65475
Rhoda Edwards,275 Zamzo Trail,NH,33493,(679) 306-9477,Male,54285
Leo Vargas,841 Aninop Lane,PA,90877,(918) 313-7849,Female,41500
Jennie Mack,843 Tujapo Trail,IN,15735,(685) 589-3515,Male,89221
Carolyn Sanders,772 Cobiw Lane,LA,5401,(540) 859-9563,Female,48244
Willie Burke,263 Agiwo Terrace,KS,85553,(829) 717-8698,Male,88186
Gene McLaughlin,275 Migofe River,OR,35405,(774) 412-6793,Male,83632
Jay Byrd,475 Nemju Path,IN,37313,(356) 991-3664,Male,125
Gerald Scott,961 Nipe Heights,CT,75318,(524) 614-5142,Male,52492
Matilda Berry,91 Cefun Path,AL,18099,(417) 340-6868,Male,70194
Carolyn Porter,250 Zuwir Plaza,DC,189,(506) 399-9006,Male,40944
Bradley Parks,901 Magol Circle,NY,43884,(965) 804-8679,Female,5353
Alan Wade,146 Livzo View,KS,87586,(273) 407-3195,Male,44559
Derrick Simpson,450 Soifa Center,MD,26357,(945) 576-5822,Female,77460
Louise Fox,814 Cifhod Glen,WA,57441,(350) 243-9613,Male,54704
Travis Craig,322 Okzob Center,DE,70266,(742) 778-1922,Female,41604
Chris Sutton,887 Kibke Ridge,OR,56591,(503) 221-9798,Male,47959
Olga Patton,381 Ehcoh Path,KY,96236,(765) 377-4747,Male,59247
Cory Wood,528 Ledso Trail,WA,35762,(407) 363-2347,Male,27063
Cole Stokes,57 Irefa Court,OH,14132,(515) 635-2657,Male,76384
Francisco Curry,465 Pueh Junction,ME,70782,(768) 852-5989,Male,26436
Aiden Hamilton,735 Sulpu Pike,WV,96980,(380) 794-1642,Female,81608
Gussie Strickland,936 Tiul Loop,NE,45671,(812) 593-3112,Female,10252
Michael Carter,379 Wunda Extension,NY,6210,(454) 391-1104,Female,72260
Mattie Swanson,882 Efgu Extension,NM,51758,(723) 392-4342,Male,28215
Bryan Cox,84 Kazafu Parkway,MT,48168,(589) 501-7455,Male,37907
Sadie Love,452 Kaedi Avenue,SD,47310,(743) 623-5381,Female,25293
Stanley Alvarez,623 Musgek Square,NC,51207,(411) 794-9490,Female,9797
Madge Jacobs,630 Jiben Pike,OH,96313,(737) 327-8485,Male,41344
Garrett Barton,213 Modhoz Road,AL,37785,(684) 368-4623,Male,78631
Nell Jackson,622 Ewevu Circle,NY,53203,(820) 736-1307,Male,88909
Lester Fleming,882 Nidluh Street,DC,40323,(515) 436-8654,Female,48532
Ina Maxwell,218 Famuge Park,NY,38734,(370) 773-4443,Male,36565
Leona Conner,333 Ipna Path,DE,38827,(576) 459-8139,Male,52678
Joel Hart,632 Ogebu Manor,MN,3501,(766) 375-2476,Male,47082
Jared Gonzales,371 Opmit Court,WY,14293,(905) 433-7110,Female,59634
Christine Hogan,800 Ninaj Path,WI,20545,(976) 724-9915,Male,12350
Jeff Burton,31 Aflo River,KS,56572,(735) 501-3911,Male,31533
Seth Simon,690 Vemdo Glen,AK,56196,(222) 500-4807,Female,30180
Leroy Rowe,932 Avam Point,CO,57673,(686) 815-3422,Male,96720
Cameron Rogers,878 Tudluj Loop,SC,27557,(308) 766-9567,Female,3169
Etta Simon,392 Jiah Key,MS,19948,(814) 231-5772,Male,92312
Dominic Ortega,494 Odiri Extension,AZ,33524,(989) 471-9654,Male,48382
Mabel Hamilton,404 Onabew Trail,IA,2854,(807) 991-5549,Female,49633
Rosa Rivera,972 Ewla Heights,AZ,27713,(404) 351-7287,Female,10120
Daniel Barnett,518 Peoru Park,WA,51058,(331) 226-5583,Female,5963
Isabelle Fernandez,948 Zukhez Road,VA,96066,(736) 625-3680,Male,35683
Joshua Mills,73 Womige Grove,TX,81371,(562) 827-3143,Female,70459
Inez Carson,225 Opnul Manor,LA,22251,(786) 819-4054,Female,80592
Virgie Sharp,715 Cahot Pike,CA,73534,(850) 431-1439,Male,50578
Ola Ortiz,874 Cismo Court,NE,74140,(943) 632-3665,Female,92695
Rose Copeland,453 Ropga Circle,LA,11740,(256) 396-6418,Male,41010
Addie Hayes,273 Juhse Place,WI,66815,(538) 933-5831,Female,21770
Harriet Lloyd,57 Owob Pass,IL,91709,(252) 612-4543,Male,45834
Clyde Fitzgerald,792 Loon Heights,NH,68854,(824) 895-1229,Male,43810
Zachary Davis,104 Wuti Pass,DE,51940,(918) 731-1462,Female,49683
Travis McKenzie,213 Kuog Glen,MN,58376,(433) 260-8368,Female,1069
Mason Wells,276 Ewonoz Grove,NE,75339,(550) 343-5925,Female,25448
Mitchell Ray,840 Wufza Key,KY,48585,(246) 521-3091,Female,18891
Iva Barnett,121 Gotre Road,KY,79866,(629) 301-8671,Female,38434
Mable Burton,542 Efepe Turnpike,GA,92597,(374) 327-7739,Male,17819
Winifred Olson,904 Itasa Parkway,UT,35381,(220) 848-1384,Male,28804
Mamie Barrett,606 Sodde Manor,MS,10180,(767) 391-6178,Male,27193
Mildred Crawford,394 Volrab Grove,MN,51917,(321) 385-9560,Male,97770
Lucile Jefferson,770 Ahrur Boulevard,KS,14055,(318) 688-5527,Male,89843
Jeffery Edwards,578 Josik Pass,NH,60814,(936) 443-4214,Female,27616
Myrtle Bush,270 Uhiha Plaza,KS,54655,(300) 366-9118,Female,71833
Allen Garner,74 Fagsor Junction,CA,27857,(262) 734-9843,Female,56913
Isaiah Hammond,149 Raola Center,PA,23331,(668) 846-7782,Male,82375
Birdie Bishop,808 Rabpo Court,DC,50339,(720) 461-7428,Female,93051
Jon Hawkins,257 Rackut Ridge,NY,37014,(376) 721-6645,Female,8743
Sean Hines,779 Wunko Plaza,NH,67724,(779) 427-5109,Male,93658
Lura Malone,407 Eroke River,KS,42357,(403) 450-5124,Female,906
Gussie Newton,409 Tuma Avenue,TX,82587,(526) 525-9403,Male,91194
Jonathan Pierce,638 Beveho Park,FL,60520,(810) 575-7924,Female,47960
Minnie Lynch,501 Piza Extension,PA,9124,(423) 891-8429,Female,70165
Gordon Griffin,956 Hema Court,OR,870,(930) 489-8120,Male,45588
Martin Vega,29 Fewdo Drive,NY,63598,(677) 626-1155,Male,24998
Sallie Dennis,311 Kihe Mill,SC,90656,(259) 841-7458,Male,21787
Amanda Yates,38 Odja Road,MD,25766,(504) 581-3067,Female,37688
Helen Berry,283 Dijha Turnpike,NE,54979,(563) 704-6246,Male,20219
Lucille Christensen,47 Uleaka Parkway,IA,66881,(452) 466-4891,Female,95329
Maggie Wilkins,138 Rapdoc Trail,AK,54532,(443) 428-2216,Female,61452
Winnie Nash,932 Lolew Manor,ID,45519,(220) 383-7722,Male,33657
Celia Arnold,652 Eves Heights,VT,28755,(459) 564-6891,Female,2183
Ricardo Cook,529 Merav Turnpike,AL,42621,(988) 808-2850,Female,9468
Norman Gutierrez,974 Fivva Grove,NV,88632,(470) 565-7637,Male,82244
Laura Brock,440 Zopub Plaza,KS,98155,(570) 747-9990,Male,97146
Joe Page,507 Ecmos Plaza,RI,91529,(602) 898-8334,Female,7563
Agnes Zimmerman,61 Dumus Junction,CA,28064,(867) 357-3003,Female,60040
Paul Perkins,892 Suelu Way,AR,2710,(402) 373-3330,Male,6613
Shawn Haynes,686 Buzeh Plaza,FL,21389,(956) 424-2632,Female,92353
Henrietta Barrett,504 Vuzta Grove,ME,39859,(861) 327-5956,Male,5949
Angel Sims,810 Ceana Lane,HI,52547,(744) 474-9621,Male,86907
Tony Phillips,168 Vessa Terrace,NC,73965,(355) 611-4757,Female,77140
Marie Rodriguez,721 Cudo Lane,WI,17126,(627) 701-3735,Male,74531
Lucas Washington,823 Kubal Square,ME,35601,(984) 797-1940,Male,16014
Bobby Leonard,89 Oduop Path,OR,54471,(369) 927-6563,Female,99577
Tillie Cruz,687 Sucib Park,IN,90743,(936) 665-3296,Female,49535
Lilly Baldwin,519 Ezwoz Turnpike,IL,20557,(231) 412-1949,Male,38355
Jesus Gregory,423 Jufjo Heights,NV,19032,(422) 938-8262,Male,19575
Ray Bridges,897 Dupso Manor,MS,72300,(571) 594-9644,Female,97566
Madge Matthews,639 Hupze Center,OR,12981,(413) 981-1847,Male,81964
Vera Doyle,519 Gajval Manor,NY,2257,(639) 546-1167,Male,50427
Eric Foster,342 Kidur Manor,NY,13120,(761) 343-8851,Male,93621
Jim Taylor,853 Pasti Park,DC,68650,(625) 656-7797,Male,85461
Cecelia McKinney,957 Ansu Highway,AK,39975,(678) 269-3355,Female,5700
Caleb Maxwell,156 Pean Loop,NV,1217,(802) 920-1123,Male,85907
Max Ramirez,119 Pukgo Boulevard,MD,9925,(535) 725-6313,Female,16887
Eric Crawford,514 Ince Trail,ME,14797,(228) 396-6052,Male,64337
Phillip Pope,865 Kombad Grove,MD,54240,(410) 882-4665,Female,96232
Elmer Barnes,658 Zulpi Ridge,NE,81147,(245) 846-4720,Male,11623
Edwin Sherman,8 Dewir Parkway,OR,61415,(507) 813-4939,Female,15698
Evan Curry,914 Fomogi Lane,MS,80906,(402) 718-3468,Female,4004
Adeline Boyd,998 Bipena Boulevard,FL,92531,(907) 513-4358,Female,6112
Myrtie Sims,798 Wungo Heights,HI,6517,(900) 997-8455,Male,71254
Hattie Mendoza,150 Wewlig Point,WI,28128,(711) 681-7113,Female,65485
Donald Mack,900 Wibof Circle,NV,95240,(825) 286-1404,Female,39335
Lucille Bryant,338 Tovo Avenue,WI,98477,(469) 794-3794,Male,42429
Addie Myers,807 Buwgac Point,NE,52569,(376) 808-4339,Male,41600
Amy Bryant,208 Nizam Square,DC,37288,(461) 480-7483,Female,78665
Norman Burton,76 Bajo Path,NC,3332,(225) 590-2933,Male,93460
Stella Griffin,434 Jude Trail,AK,64213,(279) 696-5917,Male,42038
Hulda Miller,39 Wosre Terrace,OK,61686,(942) 938-4296,Male,63819
Devin Figueroa,390 Rahe View,FL,75611,(779) 253-4639,Male,10059
Eugenia Reid,21 Itoehu Ridge,AZ,5459,(700) 316-9998,Male,76950
Bryan Simpson,15 Wibiri Pass,SC,3064,(981) 280-5610,Male,57439
Lester Young,344 Tahroh Road,WY,7502,(868) 298-3073,Female,38032
Kevin Stokes,396 Mekce Loop,NM,69929,(469) 520-3753,Male,56948
Andre Barker,427 Gifvi Center,NC,52878,(557) 677-9931,Male,28412
Jared Boyd,163 Ruhu Place,FL,35836,(365) 800-4904,Male,59388
Cornelia Rice,313 Sumo Terrace,IL,18117,(719) 590-9104,Female,3485
Edith Norton,565 Reuwu Grove,PA,26938,(911) 826-8468,Male,97816
Landon Holmes,110 Nagos Lane,IN,72270,(963) 859-7562,Male,26090
Myrtie Wong,902 Pite Grove,MS,99097,(951) 593-5438,Female,8120
Cecelia Sullivan,544 Islug Ridge,LA,45470,(738) 919-2781,Male,79152
Ivan Ray,782 Botlo Boulevard,ID,60871,(366) 986-9684,Male,97611
Francis Campbell,64 Hogmef Lane,AZ,81604,(481) 444-8133,Male,74363
Christopher Patrick,518 Pace Park,SC,79772,(820) 631-8762,Male,99298
Mattie White,522 Rugmat Place,WA,81995,(920) 308-2931,Female,611
Jacob Brady,975 Kire Extension,NM,49576,(268) 992-3258,Female,2086
Minerva Harper,722 Fuude View,NJ,67927,(980) 997-6896,Male,50919
Jim Malone,146 Noke Point,HI,55707,(586) 231-6474,Male,43864
Teresa Morgan,263 Gogpa River,CA,55871,(832) 965-9298,Male,43170
Ethel Murphy,887 Gaefe Point,WY,65206,(859) 801-2875,Female,37594
Wesley Thompson,713 Gutvu Drive,CT,26521,(763) 320-1402,Male,51764
Jimmy Wheeler,54 Janum Mill,TX,15611,(646) 367-8152,Female,4006
Aiden Hanson,712 Tadik Parkway,DE,6606,(653) 271-4868,Male,66475
Gabriel Jefferson,989 Wekha Way,AL,94593,(209) 902-2237,Male,94349
Lillian Moreno,116 Gadij Park,WI,31941,(237) 639-4562,Male,56109
Raymond Todd,316 Gouwi Pike,MD,64866,(348) 818-2895,Male,24788
Noah Bowen,823 Ogopo Turnpike,MS,94754,(823) 783-7266,Male,7524
Herbert Pittman,997 Zewup Trail,MA,41070,(474) 380-2261,Female,51839
Lucinda Barker,648 Pejoh Street,KS,21736,(468) 239-5840,Female,30411
Maggie Nash,593 Zitbat River,RI,66770,(638) 673-7959,Female,23368
Mable Wilkerson,112 Lakpiz Circle,TN,72625,(268) 545-9704,Male,56590
Mable Francis,872 Ramuk Street,NV,86686,(610) 910-7256,Female,87430
Eric Roberts,852 Nabera Avenue,AR,10536,(637) 796-3828,Female,30361
Susie Carlson,970 Julboh Plaza,IL,52664,(649) 601-5669,Male,63853
Ronald Banks,540 Vingoc Parkway,NH,76397,(908) 771-4096,Male,41886
Dorothy Poole,337 Cocno Mill,TX,48345,(616) 653-4079,Female,16
Ronald Fox,920 Ficrag Loop,MS,97513,(718) 983-2244,Male,37295
Mabel Sparks,277 Cenido Path,KS,78696,(378) 414-7613,Female,71428
Delia Bradley,760 Agpeh Terrace,AZ,15390,(352) 782-4675,Female,26793
Matilda Pierce,50 Pupa Highway,DE,38737,(364) 784-3263,Female,12972
Alan McGee,682 Zetom Terrace,WA,50362,(724) 377-6243,Female,44658
Carlos Goodwin,724 Vafo Street,NE,83593,(334) 617-1177,Female,39651
Louis Taylor,705 Larpo Lane,MN,46181,(637) 994-9982,Male,74294
Jordan Howell,698 Menfer Mill,IL,90782,(273) 992-6857,Female,50382
Henrietta Rhodes,393 Bual Highway,ME,40329,(941) 729-1130,Female,98361
Vera Becker,563 Onaf Lane,CA,1875,(210) 976-4171,Female,48938
Albert Mullins,815 Zembi Lane,FL,45026,(380) 281-7717,Male,85408
Violet Miller,991 Ovef Square,WA,3943,(400) 940-3068,Male,92434
Bess Soto,34 Kohig Boulevard,WI,90363,(847) 269-1642,Female,62547
Ophelia White,988 Jiod Street,IA,52828,(914) 362-2558,Male,54387
Chad Lindsey,133 Fufah Pike,NM,69845,(900) 703-6252,Female,31906
Nina Houston,995 Afdo Trail,AL,51845,(581) 806-7830,Female,67874
Martin Little,459 Pidfad Square,GA,7730,(656) 863-4992,Male,15570
Sean Figueroa,226 Bocna Park,IL,7010,(540) 873-4843,Male,89165
Laura Palmer,712 Jehmit Extension,MT,47984,(782) 312-5622,Male,83720
Josie Nash,393 Wapop Drive,MI,57670,(622) 598-7283,Male,46633
Myrtie Watson,907 Saciz Trail,KS,60318,(918) 823-2711,Female,5084
Carrie Banks,413 Rurob Key,TX,12224,(983) 374-5065,Female,14434
Pauline Warren,13 Ruozi Pass,NJ,91117,(871) 632-9408,Male,60614
Frank Bishop,420 Iniho Circle,MT,81067,(268) 542-1666,Female,57877
May Reeves,881 Loeho Way,MN,31144,(649) 695-5576,Male,37934
Billy Harper,263 Cezzen Street,NM,41186,(218) 434-3938,Male,45567
Ricardo Wheeler,718 Duula Pass,GA,47021,(276) 587-9690,Male,29414
Olivia Salazar,419 Milge Avenue,MI,44581,(206) 251-5368,Female,3597
George Bates,69 Lunnaf Place,CO,52584,(417) 394-9986,Female,13486
Francis Lamb,488 Naduj Loop,OK,95672,(933) 725-9209,Female,25986
Bernice Brady,155 Giwkev Mill,MT,51994,(243) 816-9484,Female,908
Dora Patterson,104 Zelcod Boulevard,LA,74575,(358) 629-4427,Female,52852
Troy Willis,347 Lekcem Street,AL,28549,(888) 891-5080,Male,9177
Dean Hansen,288 Nedgi Drive,HI,99223,(766) 947-1548,Male,34593
Dollie Barton,493 Hogdo Extension,NJ,39852,(833) 867-3919,Male,95424
Nora Carroll,662 Mazoh Point,MI,23939,(823) 379-6461,Male,64137
Alberta Morris,552 Enosil Road,RI,50413,(418) 973-2384,Male,30535
Devin Turner,90 Desir View,CA,65436,(435) 876-5968,Female,7309
Daniel Valdez,552 Nekvib Drive,WY,76471,(742) 657-4878,Female,1741
Milton Porter,900 Ebir Turnpike,SD,62287,(713) 540-6201,Male,34266
Leon Love,534 Alefi Way,VA,76893,(808) 437-7869,Female,24257
Russell Osborne,507 Ucegar Way,PA,44009,(921) 994-2578,Female,89703
Belle Jacobs,381 Jozpep Manor,AL,16819,(371) 555-2203,Male,72668
Ina Graham,445 Morig Grove,NC,24928,(549) 843-2087,Female,35877
Antonio Ryan,610 Puif Place,AL,82978,(826) 470-8625,Male,66391
Esther Byrd,352 Difute Center,ID,9366,(756) 238-1832,Male,51054
Cody Lewis,556 Legjiv Ridge,ID,3368,(919) 933-4763,Male,11889
Rodney Bailey,874 Sisuv Plaza,WI,50097,(531) 272-8328,Female,74073
Nina Hill,866 Iritun Heights,UT,19869,(758) 217-2833,Female,46505
Peter Gordon,639 Mumgom Junction,DC,82992,(549) 545-2736,Female,46024
Warren Terry,21 Sinvor Path,OR,18494,(989) 928-6587,Male,9000
Louisa Thomas,792 Ezre Manor,WI,83235,(671) 393-9043,Male,89432
Clifford Snyder,549 Nija Pike,UT,78988,(641) 357-4421,Male,75097
Randy Matthews,990 Tipboc Center,WV,83573,(965) 315-4190,Male,41020
Olga Johnson,167 Bovaf Court,CO,12936,(243) 471-1040,Female,91714
Linnie Bowen,288 Ijvev Boulevard,CO,25755,(511) 876-4477,Female,61395
Robert Garza,559 Ifotu Junction,NY,39140,(315) 489-8949,Male,15442
Albert Edwards,120 Veser Park,DC,3988,(775) 892-3836,Female,31858
Calvin James,176 Jadta Pass,NY,46079,(269) 974-8480,Female,45364
Lewis Peterson,211 Emewu River,KY,81730,(707) 619-4015,Male,91152
Richard Curtis,388 Sareju Drive,MT,80734,(748) 960-9601,Female,61210
Hester Arnold,262 Jiiko Way,ID,48015,(585) 456-7923,Female,43249
Bettie Atkins,122 Lepe Square,NH,78756,(887) 757-9304,Male,96984
Derrick Hall,885 Cuvma Pass,RI,32006,(865) 521-9704,Female,21224
Scott Phelps,176 Gazize Pike,ID,39103,(236) 417-5541,Female,54467
Florence Reynolds,891 Gecpe Manor,ND,85268,(622) 432-3240,Female,1702
Mae Dennis,691 Gejtu Court,NJ,64176,(824) 873-1092,Male,57690
Effie Floyd,683 Vojde Highway,WV,27372,(884) 318-3501,Male,19680
Rose Mason,108 Cuume Plaza,VT,2716,(358) 748-4567,Male,83709
Alan Garrett,618 Iwado Drive,MS,3753,(353) 967-3376,Male,17431
Harvey Harris,803 Kuehu Loop,CT,77521,(911) 696-3862,Male,36134