1,Amy,Keller,636,Pemi Avenue,Divabku,WA,67619,(673) 625-3654,1,53680
2,Jesus,Wise,159,Rawa Path,Tichawsip,HI,22421,(848) 750-5181,1,180554
3,Chris,Barber,771,Wodru Center,Voruhde,AL,68046,(824) 602-8888,0,220947
4,Aiden,Byrd,647,Cuma Junction,Kefernun,SD,19229,(566) 637-6521,0,68675
5,Lee,Rowe,913,Taclow River,Wairjar,OH,52667,(467) 390-5306,1,241149
6,George,Martinez,046,File Plaza,Meboger,RI,24880,(739) 385-4266,0,19890
7,Billy,Gardner,689,Cijlu Heights,Laejdu,ID,69938,(325) 700-8762,1,184725
8,Kevin,Evans,510,Kogi Glen,Zugodzan,MD,71647,(717) 595-5348,1,128142
9,Nora,Holt,305,Pame Grove,Tanezomo,UT,67273,(276) 690-8896,0,70448
10,Walter,Neal,453,Kidub Center,Fukpobuk,DC,08126,(273) 658-8706,0,160507
11,Clifford,Gutierrez,691,Vorma Mill,Ijgowid,MD,05998,(274) 437-1750,0,179548
12,Caroline,Ray,099,Udecu River,Ovreipa,WI,78559,(713) 741-8805,1,190632
13,Chad,Fuller,742,Mamcel Mill,Peonitic,OK,38752,(454) 657-8423,0,62545
14,Rhoda,Howell,453,Mempat Junction,Evulesbo,MD,29339,(502) 558-7884,1,65043
15,Gussie,Gibbs,006,Godbo Plaza,Tapipogep,CT,93465,(530) 262-2650,1,228354
16,Alexander,Collier,534,Izahe Mill,Azserul,NE,16454,(569) 494-6064,0,10402
17,Randy,Nelson,726,Vuawi Court,Vaetre,TN,18630,(409) 717-8713,1,169973
18,Louise,Pearson,163,Denmoj Way,Ocivokoc,CT,94487,(863) 947-7215,1,16466
19,Francisco,Fields,703,Idoku Turnpike,Cezalfib,TX,38262,(473) 348-5493,1,45805
20,Lula,Bush,963,Acid Avenue,Ciptipobo,MN,09488,(758) 396-6147,0,221138
21,Nathaniel,Greene,877,Kelzon Parkway,Geevuf,HI,61275,(550) 917-8798,1,98919
22,Chad,Young,214,Foznow Court,Fasvolvos,CO,61604,(972) 944-6937,0,108348
23,Hannah,Byrd,283,Vusco Mill,Mecuzatef,MN,38736,(452) 948-6151,0,194636
24,Don,Williamson,103,Esidaj Key,Fejeiwu,ND,10877,(631) 411-3779,1,249370
25,Ronald,Gross,188,Leev Park,Orjaevi,SD,95484,(803) 925-1424,0,16913
26,Rachel,Guzman,982,Butkos Square,Pizivno,PA,69041,(524) 380-9416,1,148905
27,Lola,Ortiz,018,Usazo Place,Tuksuvbih,MO,82437,(467) 418-6978,0,91692
28,Sean,Sanders,131,Iheel Mill,Ucujabco,WV,38723,(942) 519-6024,1,37246
29,Nannie,Rowe,525,Tutic Place,Peesokav,GA,29357,(641) 676-4088,1,188907
30,Lelia,Stevenson,160,Movo View,Tijisu,OR,20213,(706) 433-2317,0,197428
31,Stanley,Newton,836,Kelled View,Wofhungop,NC,41189,(479) 277-4209,1,193785
32,Rosa,Schneider,070,Ebede Trail,Fauhubeg,NV,59220,(245) 383-2674,1,42594
33,James,Perez,546,Komov Path,Ecjegho,MI,80188,(205) 344-1644,1,192004
34,Darrell,Garrett,849,Apueji Point,Bowhinnud,MA,70913,(878) 618-3419,1,222064
35,Milton,Brown,052,Pivaf Parkway,Hurzidbu,SC,32498,(675) 709-3244,0,44014
36,Samuel,Roberson,768,Adjeh Loop,Hucapic,FL,64418,(835) 619-4285,0,14108
37,Cordelia,West,738,Sieku Manor,Bumigor,DE,02866,(923) 404-3354,1,171068
38,Martin,Hanson,717,Gerpoj Parkway,Eridujar,PA,24013,(674) 841-3706,1,44601
39,Jose,Luna,524,Kure Road,Komufwun,CA,29707,(779) 671-8783,0,35194
40,Emily,Brewer,092,Olke Path,Lakobhof,NC,45599,(917) 657-5738,1,75553
41,Lettie,Nash,666,Loino Plaza,Sekejpin,NY,35328,(483) 634-6039,1,80680
42,Cory,Cain,673,Ihnu Pass,Kuwawgo,UT,34680,(419) 381-6702,1,233347
43,Zachary,Saunders,213,Nepeti Street,Wuegavin,TX,37094,(310) 986-4867,1,94544
44,Mamie,Floyd,422,Vesul River,Cakuduciv,IL,95072,(518) 323-2000,0,171151
45,Tillie,Moore,636,Jafup Drive,Humgaez,IN,97651,(780) 292-7896,0,132969
46,Essie,Page,531,Muhmo Square,Ewfepa,MS,61261,(503) 316-7676,0,65059
47,Alberta,Norton,935,Tevro Extension,Wiikjav,IN,94181,(381) 207-6169,1,84230
48,James,Cannon,605,Ohos Way,Caaguro,MO,65276,(514) 477-7631,1,172001
49,Mario,Gutierrez,037,Roffaj Heights,Heluwhoc,WY,04753,(236) 403-9702,0,203770
50,Vincent,Coleman,027,Hicum River,Ocempak,VA,40513,(362) 997-1915,1,134799
51,Bill,Burton,028,Debire Avenue,Usazena,ID,07637,(778) 226-6679,1,72124
52,Loretta,Meyer,295,Esmu Extension,Vadefbuv,TX,51985,(408) 297-8662,0,220536
53,Bessie,Hubbard,759,Butse Square,Ekoonibir,NM,30562,(308) 352-8145,1,14335
54,Antonio,Waters,792,Nurok Path,Ewiifup,VT,37906,(622) 317-2659,0,30984
55,Shawn,Mack,110,Femob Court,Besupo,FL,68388,(385) 201-1909,1,53438
56,Jayden,Ferguson,311,Casziv Glen,Apborre,CA,75048,(401) 284-8199,1,89224
57,Dorothy,Webb,052,Nozab Heights,Eviwcu,HI,04298,(311) 902-2760,1,199961
58,Devin,Estrada,303,Tiat Pass,Fodiwle,DE,19786,(511) 609-7973,0,164298
59,Ollie,Adkins,623,Beciz Grove,Iwujnu,MA,28448,(980) 921-8730,1,204751
60,Jeremy,Osborne,973,Ijodu Terrace,Zatopupa,NH,75246,(209) 214-7744,1,58811
61,Estella,Tucker,924,Vordu Heights,Jeuzeolu,NY,85700,(901) 298-4289,0,80662
62,Jeffery,Erickson,160,Cerze Loop,Pigfaema,KS,02121,(582) 285-7100,0,93120
63,Patrick,Tyler,273,Ajiv View,Habohih,IA,62866,(485) 293-8158,1,201855
64,Don,Leonard,951,Hijiga Highway,Gizmugdup,WV,37200,(317) 294-4434,1,122682
65,Luis,Wilkerson,657,Ziila Point,Sohimvi,NM,59795,(342) 880-3208,1,245549
66,Theresa,Warren,198,Cutcuw Ridge,Dolipgi,AR,85023,(962) 894-6007,0,122666
67,Tom,Wilson,463,Rimha Court,Kewloddop,WV,39202,(555) 278-6650,0,89319
68,Gregory,Guerrero,376,Buzubi Point,Ikjilzav,ME,81851,(419) 968-2730,0,89160
69,Bertie,Kennedy,279,Citata Park,Zelipo,NJ,61111,(454) 646-7393,0,222532
70,Gilbert,Lambert,574,Fucsi Heights,Bufnubom,IL,56472,(202) 800-7879,0,92580
71,Genevieve,Lane,881,Seba Center,Cogizmo,AR,65845,(608) 276-3958,1,203342
72,Lenora,Fitzgerald,473,Zipan Turnpike,Nirwudwok,IN,99486,(446) 682-3926,1,86280
73,Maggie,Crawford,589,Pejbaj Street,Duudpi,TN,54133,(324) 537-1662,1,137894
74,Joe,Bates,896,Durkup River,Atibasfez,IL,38121,(352) 855-8037,0,114236
75,Rosalie,Copeland,053,Pamune Place,Julepwup,VT,68184,(988) 594-8911,1,166081
76,Esther,Curtis,618,Olibu Drive,Uwwisap,MA,62073,(262) 335-4492,0,193416
77,Lenora,Stevenson,978,Ohag River,Alamoswo,NE,88516,(472) 639-4842,1,149997
78,Stanley,Nunez,615,Kaves River,Noeril,LA,86021,(820) 227-6997,0,27375
79,Josephine,Hodges,415,Kolu Drive,Azdumda,OK,84956,(969) 307-9790,0,218041
80,Beulah,Roberson,708,Ragfup Square,Doafno,NJ,45855,(634) 209-1110,0,97143
81,Rhoda,Steele,375,Simew Circle,Cuepaze,ME,07726,(448) 371-5108,0,40923
82,Millie,Potter,987,Bolni Terrace,Jezzoneb,ME,39876,(883) 837-7272,0,3772
83,Margaret,Gonzalez,707,Ofowo Path,Darbenfa,CA,43237,(268) 861-7142,0,151725
84,Alan,Johnson,954,Abagik Park,Ecubipig,MI,61298,(754) 546-1342,1,112768
85,Allen,Caldwell,230,Ejerot Pass,Cinnewe,AR,97608,(772) 637-6196,0,193433
86,Devin,Becker,547,Objew Path,Jifitzom,SD,64610,(679) 768-7371,1,74722
87,Marguerite,Jensen,323,Dojir Manor,Tulutmov,NJ,85610,(349) 356-1738,1,243190
88,Gussie,Harmon,510,Kopfad Extension,Mecelje,AR,21327,(770) 478-8059,1,145801
89,Timothy,Gibson,760,Pozpaf Path,Wagtiaf,MD,83940,(874) 305-7164,0,3983
90,Gavin,Lyons,096,Hazvef Junction,Meroudi,WI,09832,(283) 625-9379,0,74078
91,John,Mann,038,Burza Extension,Ulinowe,NC,37090,(650) 558-2870,0,161977
92,Bernard,Alvarez,121,Lurva Key,Feflahe,WI,65838,(421) 381-4623,0,139766
93,Scott,Pratt,022,Icumuw Place,Niuwnuv,NV,09938,(384) 440-4931,1,34291
94,Madge,Reed,194,Okaj Park,Gacipob,MT,32093,(288) 679-5004,1,222814
95,Julian,Cummings,771,Zatzem Terrace,Vehdevic,AR,48996,(541) 230-2216,0,213549
96,Betty,Robinson,785,Ripat Key,Ganagumu,PA,58329,(327) 308-8933,1,60651
97,Martha,Byrd,919,Ramfav Parkway,Sowolfak,GA,46581,(386) 560-5239,1,16540
98,Linnie,Dean,475,Koav Terrace,Tunwitu,ND,45298,(334) 351-8231,1,10591
99,Mario,Todd,606,Nadvaw Center,Lachaser,AK,47599,(444) 927-8078,1,198261
100,Lura,Briggs,408,Doih Glen,Tubufu,AZ,22510,(552) 530-8028,1,178534
101,Jonathan,Gray,137,Gasa Mill,Sibfaruv,WY,53496,(508) 926-3946,1,136435
102,Jane,Davidson,138,Kovoj Square,Hizzagte,WV,30972,(262) 553-7863,1,170387
103,Vernon,Porter,104,Pijnaz Highway,Akutantok,NJ,64811,(619) 538-7047,1,184824
104,Lucas,Lyons,888,Vupet Junction,Cuemva,DC,56685,(422) 777-8008,0,146543
105,Joe,Ellis,136,Raho Drive,Viidco,GA,44593,(687) 766-1212,1,134894
106,Jayden,Davidson,005,Nifmi Loop,Tutnido,OH,44222,(437) 295-9952,0,25963
107,Arthur,Henry,060,Bura Path,Rovpoilo,ND,58324,(613) 936-4904,1,26315
108,Isaac,Brady,734,Helat Drive,Fevafjuw,CO,65053,(623) 850-1705,1,18940
109,Lewis,Sandoval,002,Roke Pike,Heosvev,AL,29706,(246) 648-5779,1,81594
110,Dustin,Barker,519,Cebzi Loop,Afamopeja,UT,51565,(231) 605-6741,1,216728
111,Jane,Dunn,261,Fapim Manor,Gahevna,AZ,45415,(206) 316-2669,1,17089
112,Jim,Anderson,893,Rennu Boulevard,Guwazot,AL,76716,(333) 245-7550,0,57770
113,Isabelle,Hale,720,Cuvez Drive,Ehvefuw,TX,10179,(682) 265-2155,0,161687
114,Owen,Fields,595,Ehoro Mill,Jemududim,OH,99597,(850) 312-2378,0,158105
115,Kathryn,Flowers,798,Ewejid Place,Waplejca,CT,39286,(715) 618-2302,0,97600
116,Cordelia,Frank,744,Ozkur Ridge,Pepdusote,MI,65700,(449) 880-3174,1,187179
117,Lucille,Hubbard,156,Urizu Ridge,Cuiwiufi,MT,84107,(729) 272-5320,1,22380
118,Jay,Collins,252,Jimub Parkway,Garata,MI,14650,(778) 764-2240,0,152160
119,Miguel,Mendez,681,Hiwma Boulevard,Givafnuf,OH,40052,(509) 663-7438,1,16851
120,Janie,Webster,952,Cenop Grove,Ecegebi,MT,98811,(362) 246-7488,0,20811
121,Lillian,Barnett,055,Tunvuc Trail,Puhool,GA,35004,(503) 238-7749,1,207649
122,Victor,Long,947,Gadem Lane,Fasage,LA,51531,(346) 762-7070,0,34801
123,Winifred,Estrada,988,Fodtub Circle,Gihanok,MS,46055,(521) 352-7487,1,141371
124,Ophelia,Guzman,192,Afuhi Parkway,Gucmibzif,ID,42785,(389) 320-2085,1,174974
125,Cordelia,Riley,383,Pafbo Key,Pugmafo,TN,01796,(315) 394-9083,1,56639
126,Jane,Ellis,624,Gevu Circle,Nesociv,MS,05635,(979) 924-3808,1,159650
127,Birdie,Torres,562,Uhabu Trail,Ojopikte,IN,73749,(667) 849-2213,1,80571
128,Cordelia,Wilkerson,150,Bodmic Manor,Umaehjen,AL,99949,(477) 315-3860,0,107025
129,Elnora,Schultz,989,Ciwa Square,Hiftuwe,FL,03477,(611) 230-4446,0,7663
130,Aiden,Santiago,646,Epha Extension,Ufkepowe,IA,87757,(308) 710-7132,1,124246
131,Darrell,Rose,610,Hiwe Park,Dumegi,CA,36491,(682) 537-8258,1,113775
132,Olive,Morgan,502,Kabu Road,Rohuduz,MA,64098,(446) 476-1089,1,133241
133,Abbie,Graham,560,Usro Parkway,Boreshe,NJ,62149,(327) 467-1259,1,114511
134,Marcus,Edwards,475,Kejvu Court,Luvosi,KS,20722,(639) 453-5733,0,96053
135,Dorothy,Tate,857,Dadun Street,Suddapru,HI,47012,(518) 781-1993,0,188187
136,Millie,Gilbert,906,Mehnaj Street,Wibdehid,RI,42376,(585) 520-1841,1,214862
137,Theresa,Holt,802,Jipcuj Plaza,Tekcoped,DE,35892,(746) 951-7989,0,231137
138,Minerva,Moran,447,Kadu Junction,Oswibfa,AR,10682,(868) 441-8707,1,10209
139,Jason,Lucas,477,Kubber Terrace,Wumsitma,NJ,94566,(547) 528-5901,1,229254
140,Ida,Griffith,685,Dujab Junction,Ozmeofa,IL,24276,(738) 590-4422,1,16775
141,Arthur,Hanson,021,Bapco Circle,Tauzaruh,RI,46296,(647) 929-1598,1,149955
142,Travis,Reyes,045,Uradot Square,Gimguthaf,IL,78614,(462) 749-1450,1,230553
143,Frederick,Barker,687,Mema Glen,Kussipo,LA,70056,(617) 496-9736,1,169562
144,Hulda,McDonald,264,Gari Heights,Cojducwup,DC,91539,(951) 527-8243,0,127249
145,Katie,Herrera,490,Nogo Lane,Jobiner,MT,16926,(261) 943-8706,0,222300
146,Jerry,Wolfe,000,Lakfeb Loop,Ehrare,FL,60432,(828) 744-4085,1,239344
147,Travis,Jordan,672,Bivpez Parkway,Esuhoasa,RI,50952,(584) 287-2329,1,107351
148,Russell,Morgan,837,Ojtok Street,Ibhugaz,WI,74372,(977) 229-8572,0,4
149,Emma,Alvarez,829,Cesav River,Umarizaz,SD,01759,(680) 262-2581,0,131964
150,Effie,Schmidt,367,Doec Street,Ezcamo,IA,40761,(838) 999-8711,0,134456
151,Helena,Blake,495,Iwuta Court,Ceduoha,OH,82371,(376) 374-5471,0,212378
152,Blanche,Sanders,186,Refu Circle,Caabzep,IN,47519,(444) 351-5018,1,193578
153,Mattie,Caldwell,643,Nimtoj Mill,Vojobi,NC,08775,(233) 876-1028,1,98703
154,Wayne,Parks,910,Neju Way,Kiveufo,GA,90937,(329) 850-4580,0,56224
155,Winifred,Hogan,039,Seije Avenue,Oleveso,MN,66865,(929) 704-4789,0,225765
156,Viola,Bryan,772,Tuwo Extension,Memikhur,AR,78605,(686) 644-4900,1,156762
157,Edward,Warner,979,Faaz Ridge,Jadhocci,OK,62725,(316) 814-2375,1,106395
158,Daisy,Hogan,958,Pelgo Junction,Bezoogu,NJ,13613,(531) 728-3956,1,125921
159,Johnny,Cunningham,883,Wusut Key,Esoasatad,VA,16048,(906) 667-6097,0,14037
160,Danny,Vaughn,230,Icgu Ridge,Joareoha,NC,56980,(765) 982-9280,0,87554
161,Isabel,Wong,692,Buogi Center,Feiwmu,WI,66810,(482) 608-5755,0,170143
162,Mabelle,Munoz,774,Lekuc Drive,Dujaiw,ID,23939,(627) 349-8415,1,26475
163,Jennie,Hampton,950,Wisla Street,Cuncugsu,AZ,72438,(646) 359-6210,0,158916
164,Mary,Perry,335,Pataw Heights,Sogmami,PA,94897,(878) 422-3476,0,195164
165,Frank,Hale,914,Cisu Drive,Avholuru,DC,70537,(880) 376-2849,1,117580
166,Evan,Edwards,886,Vigza Highway,Miwgewo,FL,19710,(272) 560-1039,1,229232
167,Betty,Goodwin,558,Zawta Square,Vegonse,IL,16973,(557) 611-8375,1,39436
168,Johanna,Berry,054,Lagvig Ridge,Fizivci,RI,53222,(523) 888-7455,1,199580
169,Kevin,Carr,766,Ejicum Loop,Culomuud,GA,74450,(229) 689-3499,0,139293
170,Jerry,Edwards,836,Cupowe Road,Ujoilabov,MA,85906,(928) 723-5995,1,194664
171,Harriet,Keller,670,Uhoget Point,Rivisru,CT,41449,(733) 959-1346,1,199297
172,Bessie,Rogers,333,Mibfe Turnpike,Kocedev,SC,37584,(873) 908-6529,0,83934
173,Terry,Ellis,910,Mitem Ridge,Sinzojce,MO,22829,(566) 982-6046,0,167116
174,Paul,Snyder,646,Fiwen Terrace,Faunuh,AZ,31353,(336) 500-1348,0,54080
175,Kate,Ray,336,Coure Square,Gaffinhu,OK,27841,(863) 581-9923,1,118350
176,Cole,Clayton,406,Sekmu Parkway,Uhgume,DC,07239,(281) 275-5189,0,141698
177,Troy,Lane,555,Acra Manor,Pahlodco,RI,39169,(431) 517-4831,0,137319
178,Mittie,Wilkerson,460,Ulipi Loop,Hunace,NY,57011,(288) 306-4406,1,52916
179,Rosie,Carroll,458,Vifor Extension,Aglactuw,VT,74875,(268) 818-6735,1,241053
180,Vernon,Foster,732,Otuco Boulevard,Modivha,NE,68105,(642) 645-7184,1,63908
181,Mildred,Stevenson,462,Muiwo Drive,Atealimon,GA,59063,(921) 566-1214,0,58807
182,Luke,Mann,106,Dacap Path,Movgofi,DE,84095,(674) 577-7197,0,58129
183,Maude,Boyd,050,Kufli Grove,Dodejuz,WA,90163,(656) 735-8623,1,238564
184,Pearl,Luna,422,Pehu Court,Suepba,TX,74732,(851) 569-6863,1,8846
185,Franklin,Watts,390,Mihjol Road,Ocijcu,ME,29118,(359) 819-8473,1,142807
186,Eula,Larson,568,Imoiji Park,Igjemofo,IA,29121,(740) 262-2345,0,209729
187,Clayton,Gregory,577,Wozkal Avenue,Riszilpel,MT,85342,(661) 333-9325,1,109976
188,Micheal,French,595,Banok Boulevard,Ucsele,AL,19390,(902) 904-7106,1,69506
189,Andrew,Frazier,409,Wuavo Mill,Papasre,HI,19891,(985) 573-8637,0,92756
190,Ray,Carlson,296,Awene Point,Ovjahra,MA,41451,(484) 511-8289,1,142702
191,Lydia,Young,542,Node Street,Merikid,AK,36437,(459) 431-7783,0,128278
192,Margaret,Fowler,722,Keeme Boulevard,Ibuviwab,IN,38336,(734) 857-4090,1,243604
193,Garrett,Hill,837,Ninsod Plaza,Fubigobi,HI,24764,(507) 420-6127,0,56249
194,Dylan,Wise,988,Ihica Center,Bebcole,AL,32564,(641) 989-3941,1,240011
195,Michael,Conner,836,Zerub Manor,Pahaom,LA,28002,(900) 395-9800,0,136813
196,Helena,Lambert,924,Jurer Boulevard,Wicsetme,ME,88488,(350) 872-6721,1,221962
197,Edgar,Perry,943,Kogu Pike,Gapawhaf,LA,52941,(611) 395-7078,0,219435
198,Lillie,Pierce,133,Bulid Square,Rabudop,NY,01879,(635) 562-9655,0,7339
199,Lottie,Rose,396,Guliz Street,Nigpima,MA,88004,(821) 660-4829,0,150344
200,Cora,Goodman,826,Jinmor Terrace,Kalrafe,SC,41842,(276) 552-7254,0,104466
201,Ralph,Torres,147,Pebi Ridge,Pibkozude,MT,48031,(203) 864-3235,0,229868
202,Luella,Soto,169,Laja Glen,Titijila,WV,12167,(517) 445-2278,0,203917
203,Theresa,Gonzalez,132,Ruvev Turnpike,Zufetlu,WY,73889,(449) 991-5131,0,243823
204,Sally,Black,242,Lanati River,Ibuvouke,MN,84979,(960) 592-1563,1,56395
205,Duane,Ortiz,212,Dahuw Place,Kijrukew,CA,95990,(438) 761-1511,0,224504
206,Ray,Holmes,347,Wuize Court,Jucudesa,OH,30691,(816) 807-8979,0,183382
207,Lucile,Aguilar,279,Zenis Place,Kumajji,LA,44891,(822) 851-1977,1,142433
208,Mary,James,477,Labme Extension,Behepapi,DC,53297,(422) 248-2092,0,176782
209,Elva,Collier,426,Liwis Road,Gusnipdaf,MA,21303,(789) 619-7118,1,248546
210,Sara,Lynch,824,Bihu Circle,Mazwepap,AR,17017,(672) 545-2909,1,93263
211,Gavin,Silva,298,Rulsor Center,Ganamenod,MO,46917,(959) 662-1523,1,37941
212,William,Barber,197,Birlop Plaza,Sogwuazo,AR,19415,(301) 732-6323,1,173119
213,Tillie,Hart,176,Pobo Manor,Kekhiras,VT,83516,(560) 596-6938,0,136972
214,Stanley,Ramos,865,Votto Terrace,Sovichi,AZ,28186,(211) 985-5749,0,15155
215,Christopher,French,856,Veseg Road,Zerzinasi,NM,46449,(910) 604-9277,0,143859
216,Norman,Wagner,990,Lijope Court,Tuwocoti,SD,12524,(309) 653-2965,0,185068
217,Elnora,Mendoza,566,Olfu Place,Ajuoroza,NE,46437,(740) 817-6584,0,45932
218,Blake,Barker,158,Cawne Mill,Napogke,WV,21385,(940) 945-2799,1,182358
219,Addie,Owens,593,Rumgo Road,Nerelek,ID,72083,(265) 216-7167,0,205365
220,Lou,Evans,227,Bafcaj View,Zafudef,MS,92904,(938) 756-4477,0,223732
221,Steve,Wilkins,759,Korrob Junction,Muhunhez,DC,17959,(988) 836-8158,0,173059
222,Bruce,Adams,225,Niaj Drive,Kuhatda,GA,12283,(819) 460-7303,1,123192
223,Adeline,Mason,495,Doiha Trail,Nugfifeb,NY,95862,(882) 336-4579,1,35825
224,Wayne,Goodman,016,Towel Heights,Gowfefi,MD,09060,(686) 936-5253,0,49329
225,Ellen,Waters,505,Jaiwa Path,Fokawna,GA,30577,(946) 903-1754,0,202190
226,Alvin,Jones,235,Fejo Junction,Hihnaggo,OR,40758,(344) 854-6083,0,86321
227,Arthur,Torres,720,Ogodo River,Zumonahe,MN,37962,(888) 552-6297,0,207049
228,Adeline,Summers,028,Bikbu River,Vijvusku,ME,36809,(748) 966-4485,0,61325
229,Warren,Massey,167,Tijac Pike,Tanalfu,VT,65478,(411) 467-3893,0,144659
230,Chester,White,538,Jagu Ridge,Tinufow,UT,09881,(321) 717-4316,1,139902
231,Jorge,McCormick,249,Litav Ridge,Udgipser,MA,12138,(824) 583-9558,0,230904
232,Rebecca,Hanson,351,Widabi Court,Kusetba,TN,92786,(370) 928-6267,0,177675
233,Elmer,Harper,439,Irfac Turnpike,Toshoce,TX,08078,(349) 311-2253,0,1333
234,Marion,Snyder,116,Sovo View,Hunrepmiz,CT,57103,(432) 954-7236,0,181353
235,Nathaniel,Maxwell,857,Azza River,Wohowmop,IA,73484,(615) 298-4197,1,111264
236,Christine,Dunn,031,Jepti Park,Ovtuum,KY,32134,(349) 440-4944,0,59834
237,Albert,Mack,343,Filmew Way,Jabofu,NY,55721,(737) 859-6194,0,40126
238,Jeremiah,McGuire,375,Kaguk Ridge,Buwode,ND,84851,(810) 638-7142,1,79597
239,Willie,Diaz,217,Uwukuh Road,Legetile,OH,81764,(552) 592-3682,0,79727
240,Bessie,Hunter,726,Ewvu Trail,Rasirora,VT,42212,(823) 274-3202,1,113743
241,Lena,Rodgers,140,Wime Loop,Azutailu,ID,36942,(527) 258-1309,1,59174
242,Hester,Tate,490,Fuuh Drive,Atoherus,TX,92783,(451) 277-8948,0,238865
243,Addie,Harrington,561,Wogu Highway,Sucekpu,LA,10802,(533) 601-8890,0,216211
244,Allen,Shelton,591,Pimo Park,Garivzo,NM,81349,(747) 517-8145,1,77264
245,Jean,Frank,640,Zehfig Drive,Woleva,NM,70840,(285) 614-6525,1,185257
246,Lily,Mendoza,970,Doji Plaza,Purlaje,DE,12217,(338) 484-4047,1,175602
247,Robert,Howard,109,Woplag Avenue,Amusajor,DE,95223,(878) 866-2350,0,74239
248,Marc,Kim,407,Ogate Highway,Jihrofcum,CO,88022,(488) 964-7405,0,191109
249,Sean,Baker,699,Viso Terrace,Luliwgo,GA,47389,(365) 857-1871,1,226632
250,Linnie,Henderson,486,Ulula Pike,Bigewek,NH,67668,(460) 913-2107,0,147360
251,Edith,Miles,971,Garvuj Terrace,Fowrewova,HI,98627,(582) 209-6698,0,105409
252,Ola,Graham,603,Nefe Key,Ugizeip,RI,18988,(802) 338-5596,0,227398
253,Rebecca,Weber,788,Luhna Point,Voolokil,AR,78493,(938) 317-9620,0,190183
254,Alfred,Lawrence,245,Muwi Ridge,Mubupwo,VA,99699,(422) 571-1486,0,31998
255,Mildred,Rhodes,146,Bizep Heights,Vugmacilu,OR,35962,(344) 686-3244,1,134087
256,Emilie,Brown,965,Lewhi Ridge,Racoedi,DC,33585,(744) 269-7846,0,220177
257,Martha,Richards,025,Jaku Mill,Cuciwjim,MI,38698,(917) 621-6786,1,211037
258,Madge,Perry,855,Savoke Pike,Kedhaphiv,IL,10575,(341) 906-9524,1,102322
259,Troy,Goodman,695,Vagep Terrace,Rofieb,NV,76924,(778) 963-6167,1,123695
260,Alex,Lamb,771,Citoj Terrace,Zibdavla,PA,62937,(966) 896-8395,1,31360
261,Bruce,Cobb,356,Ujuda Extension,Varajpiw,NM,48550,(881) 564-4761,1,70094
262,Nathaniel,Larson,780,Cadger View,Erucocez,MN,38731,(503) 741-9561,0,99474
263,Alex,Carpenter,910,Etekow Lane,Afulzot,RI,60383,(829) 584-4200,1,224737
264,Jonathan,Moody,271,Jusna Center,Katoruga,NH,05007,(581) 662-8818,1,159169
265,Evelyn,Patterson,222,Izifam Plaza,Utojokur,MO,56939,(372) 894-2566,0,179210
266,Tillie,Buchanan,148,Bacuc Park,Roejpe,IN,05057,(938) 571-9545,1,179890
267,Minnie,McCormick,947,Bacpor Path,Mipaja,ME,76997,(955) 246-5937,0,200388
268,Lilly,Rios,824,Ewerig Terrace,Kizaru,OH,27060,(520) 703-8988,1,186460
269,Rosie,Jimenez,252,Bajow Plaza,Kagokak,MS,31279,(876) 350-8296,0,213725
270,Leonard,Benson,192,Oker Manor,Ehaasobal,ID,04273,(949) 418-1062,1,3864
271,Caleb,Harvey,314,Hutiz Place,Jiwikhul,KS,43828,(661) 964-3223,0,180019
272,Willie,Barrett,692,Azaped Mill,Serukabe,MD,39003,(919) 310-8866,0,248718
273,Lewis,Peters,970,Mazo Path,Kiguvec,WV,19869,(509) 275-6695,1,237486
274,Eleanor,Mathis,245,Cikob Square,Erejafen,KS,99663,(689) 319-3719,0,78370
275,Christine,Jensen,770,Jadi Turnpike,Rodoncip,LA,20719,(914) 897-6466,1,47383
276,Kenneth,Garza,930,Tuuwo Turnpike,Igokope,RI,58033,(332) 518-6733,1,240053
277,Marc,Cole,637,Repaw Park,Wawesaw,FL,09425,(501) 832-1657,1,178715
278,Danny,Miles,144,Iriro Court,Hekdinkec,ID,09277,(401) 609-6199,1,168001
279,Corey,Ford,204,Cihaz Park,Zagecdom,ID,64531,(971) 779-6316,1,104176
280,Jason,Ruiz,325,Dire Path,Sugibcec,TX,01347,(237) 415-7443,0,93446
281,Eliza,Knight,122,Etideb Point,Jedgehif,TN,19395,(278) 718-7612,1,162332
282,Richard,Fitzgerald,118,Jahi Parkway,Mikfopufi,SC,06924,(472) 483-3766,0,157130
283,Margaret,Williams,581,Zajeg Parkway,Horjodbus,NM,87891,(474) 825-4428,1,71149
284,Barbara,Horton,612,Kazeni Pike,Azelefa,WI,85047,(981) 671-8444,1,232689
285,Fanny,Carr,313,Wahi Heights,Popaen,DC,42417,(305) 829-2626,0,89314
286,Delia,Price,760,Nano Avenue,Zupazpob,IL,16974,(256) 678-5472,1,155343
287,Sue,Cummings,824,Woju Loop,Gelnuwa,CA,60880,(830) 361-3444,0,132133
288,Teresa,Cooper,659,Kofa Park,Semabci,AK,98961,(728) 616-7885,0,230041
289,Mayme,Tucker,648,Cuav Drive,Wigpurak,IN,27968,(973) 847-4115,1,198195
290,Adrian,Garrett,097,Rojpup Turnpike,Agnomfog,MA,65101,(940) 348-4465,0,212409
291,Duane,Caldwell,591,Ocen Place,Meckifwo,SC,92718,(863) 627-2206,1,126444
292,Lina,Hansen,458,Redwis Turnpike,Witvulfi,IN,84235,(378) 851-6517,1,248249
293,Randy,Ray,046,Hinate Trail,Fecaapu,MN,03194,(262) 303-9859,0,80017
294,Jayden,Berry,788,Idehot Pass,Olvegpuz,NY,57133,(971) 258-5132,0,140563
295,Belle,Brady,304,Occu Extension,Zigasvu,MA,38820,(243) 765-2580,1,237315
296,Chase,Owens,646,Cius Center,Munmeto,UT,99122,(979) 459-1802,0,95440
297,Hilda,Flores,453,Kunsun Lane,Mijhewcun,WI,86968,(473) 432-2166,0,13228
298,Herman,Keller,536,Elwis Loop,Mabowbat,ID,45029,(940) 760-5639,0,248391
299,Jimmy,Johnston,669,Welek Manor,Hocojfuc,MI,52463,(475) 846-6955,0,224904
300,Douglas,Kelly,518,Fiufa River,Takula,AL,67034,(924) 826-8970,1,35678
301,Gordon,Long,475,Dujaj Extension,Cozrukuf,NY,46082,(372) 887-9483,1,71131
302,Mildred,Harris,046,Lopa Loop,Ebosurfi,DC,00216,(342) 868-5890,1,193155
303,Herman,Phillips,496,Eranap Grove,Zabtida,ND,45345,(204) 977-5820,1,31664
304,Mittie,Evans,259,Tuczew Junction,Jufofgi,MA,01836,(578) 224-3751,0,79731
305,Marc,Long,287,Fibed Mill,Foudovo,SD,83729,(971) 612-9881,0,34576
306,Lura,Martin,384,Hishal Center,Segjuisa,PA,84846,(570) 496-5055,0,182399
307,Hettie,Maxwell,669,Tolta Junction,Hafojreb,WA,37560,(465) 260-7460,1,32086
308,Jeremiah,Fisher,272,Nenel Avenue,Kodoguge,MT,75970,(925) 599-5060,0,49361
309,Eugene,Cook,546,Zuiw Way,Ekdutdu,NY,30960,(611) 546-5732,1,107686
310,Ruby,Willis,436,Otec Boulevard,Iciakahu,NV,27404,(307) 670-7060,1,243186
311,Essie,Tucker,543,Heiwi Point,Riwebca,UT,05519,(978) 406-1606,0,17621
312,Virgie,Grant,761,Gutuv River,Etpamdug,CA,91994,(675) 695-7241,1,93668
313,Jeffrey,Schwartz,274,Kucen Way,Nagaczu,NH,12520,(509) 579-7759,0,235775
314,Olga,Delgado,800,Mojaz Lane,Takkebji,AL,74455,(803) 883-4916,0,130144
315,Jim,Morrison,845,Wulena Pass,Niivwiz,GA,63694,(558) 438-1302,1,123324
316,Susie,Hudson,959,Ofaze Loop,Uweehoul,WV,52145,(307) 783-5795,0,95963
317,Nicholas,McKenzie,142,Buneki Place,Teumule,AR,52319,(777) 961-9212,1,119645
318,Georgie,Dennis,407,Guwah Glen,Wohjitor,NH,27884,(805) 827-4944,1,224401
319,Abbie,McDaniel,854,Viis Pass,Oveamika,MN,31710,(377) 395-1757,1,26346
320,Alma,Wallace,801,Cekew Extension,Biuvuit,WV,23650,(525) 486-3923,1,186172
321,Jay,Willis,380,Lamu Extension,Onakeved,SD,41270,(337) 442-2213,1,248575
322,Clara,Jones,712,Lehuh River,Sazezi,WA,87102,(650) 538-8285,1,157734
323,Inez,Harrison,365,Mejnaj Pike,Kubomjuw,AR,91429,(676) 636-9232,0,60287
324,Leonard,Long,384,Fufgor Pass,Takfauji,TN,87855,(231) 234-5177,1,135477
325,Juan,Johnson,346,Kihlih Grove,Ocgahce,IN,70675,(941) 326-3716,0,20357
326,Mitchell,Shelton,708,Gaeha Turnpike,Vihfudef,NJ,12895,(971) 961-4095,0,98643
327,Dominic,Parsons,519,Nino Parkway,Odosolan,WA,28443,(727) 606-9660,1,127376
328,Cecilia,Mendoza,646,Ciet Loop,Dijpuwuju,CA,01462,(936) 834-6939,1,1717
329,Blake,McCormick,627,Ihebu Glen,Wojniba,CO,84413,(250) 855-8027,1,197651
330,Tom,Larson,985,Itiwu Square,Jusoud,OK,48182,(272) 454-1557,0,122265
331,Derrick,Turner,217,Feow Drive,Wuometo,SD,22056,(924) 594-2396,0,38335
332,Ronnie,French,860,Agele Place,Cinunpa,MN,52499,(733) 549-8821,0,243829
333,Estella,Norman,809,Sezpi Junction,Sorufme,CT,50654,(884) 543-9404,1,159167
334,Eunice,Knight,644,Ametej Loop,Ralorepe,NE,93247,(284) 858-9533,1,51013
335,Cameron,Bishop,603,Ezvi Place,Isolaor,CO,60026,(725) 946-7774,0,215167
336,Georgie,McKenzie,034,Vomra Road,Wabziwsu,IA,46065,(727) 574-4306,1,40340
337,Cordelia,Powell,527,Jennaw Street,Ofadikdol,TN,22505,(322) 533-6581,1,191092
338,Mildred,Rodriguez,399,Pase Place,Nurkupmi,MI,72952,(982) 948-9716,1,40929
339,Jerome,Peterson,886,Ihooz Plaza,Umudeeja,CT,69851,(927) 501-7467,1,135865
340,Victoria,Hughes,722,Riob Center,Ufibaufe,IL,96876,(487) 698-8029,0,1228
341,Harry,Vega,557,Apeje Extension,Kogarnod,PA,21118,(868) 597-2667,0,73131
342,Randy,Weber,407,Wuzva River,Fasotlih,FL,62870,(749) 931-6628,0,175017
343,Eva,May,410,Sontu Grove,Cegone,DE,89463,(220) 310-6265,1,239823
344,Jack,Hubbard,286,Keeb Trail,Rojucijep,IN,67913,(941) 580-5406,1,125152
345,Joel,Jacobs,630,Kiwjov River,Safhovhal,WV,95340,(234) 828-9392,1,188599
346,Winifred,Hale,725,Dudli Square,Redahuv,KS,72079,(222) 434-9967,1,97101
347,Gary,Wright,603,Zukpi Ridge,Fohezvep,NH,92996,(504) 353-4488,0,223781
348,Alice,Colon,590,Tanpuv Pike,Suvzopzul,NJ,98058,(725) 411-2673,1,166341
349,Ian,Barber,608,Wusid Road,Iltesdi,WV,60000,(961) 546-4020,1,182070
350,Matthew,Pearson,228,Reepo Pass,Bazdupob,CO,84580,(674) 256-4879,1,157235
351,Edna,Jones,391,Ripzaf Pike,Pudnewe,NV,23282,(466) 954-1148,1,122822
352,Vernon,Russell,559,Vojof Point,Ubuzemne,MA,49944,(902) 716-3168,1,153555
353,Wesley,Brown,103,Bogiha Street,Egremluv,CA,92168,(846) 244-7712,1,128692
354,Nina,Freeman,755,Noccu Glen,Ahenaesi,OH,32558,(287) 946-9443,0,236521
355,Rosetta,Massey,280,Morvuz River,Pofuntir,SC,03084,(507) 435-2791,1,110747
356,Winifred,Baker,637,Nuhdez Plaza,Nagigoz,CA,51006,(488) 224-9575,0,13486
357,Rhoda,Curtis,027,Memoda Terrace,Cogejaso,IA,25567,(875) 344-8617,0,62016
358,Christopher,Little,030,Bofo Path,Mekahpi,WV,62222,(355) 595-6394,0,98469
359,Louise,Collier,846,Uraepa Road,Fikowuaci,KY,14075,(841) 397-1769,0,157800
360,Bruce,Carson,906,Aromib Turnpike,Wuzofuh,MD,15755,(225) 465-7289,1,78368
361,Jon,Jackson,279,Juve River,Kucpapfe,RI,65970,(269) 738-4374,1,216132
362,Roy,Wallace,253,Nubob Road,Hovesag,IN,79162,(221) 733-2359,0,164142
363,Isaac,Campbell,819,Kewad Road,Hizcoba,NE,61438,(819) 614-3416,1,99766
364,Mae,Marsh,964,Facca Grove,Larezi,PA,11093,(959) 510-4539,0,17490
365,Cody,Sandoval,911,Fega Extension,Zinelob,DC,23841,(862) 656-9890,1,131512
366,Theresa,Lucas,905,Jiili Center,Zoweraju,SC,43418,(442) 434-6700,1,100080
367,Hester,Hodges,913,Buno Extension,Vikumpa,TN,62335,(458) 804-2243,1,2499
368,Phillip,Little,273,Gofnos Park,Onukure,MN,77703,(869) 616-8603,0,46496
369,Lora,Steele,726,Onaud Highway,Daekoja,TN,66879,(653) 746-8792,0,3390
370,Wesley,Abbott,566,Gugu Avenue,Zakhogzep,TX,59785,(351) 841-1522,1,99402
371,Loretta,Graves,198,Tiawa Court,Gebnanum,ID,77273,(458) 720-9337,1,230139
372,Nelle,Rios,240,Jebfo Parkway,Emlucak,FL,30794,(718) 838-9710,1,204585
373,Leon,Murphy,198,Buara Pass,Uhosedpil,NH,80045,(451) 291-9093,0,130324
374,Lloyd,Frank,650,Vedan Road,Gubaguni,SD,36828,(371) 686-8716,1,75644
375,Philip,Williamson,295,Tabaza Terrace,Wemmiti,DC,66040,(321) 657-6348,1,2053
376,Don,Harris,630,Dokmi Extension,Wilara,KY,01680,(866) 590-1384,1,160204
377,Tony,Reyes,954,Toah Highway,Zurefsam,VT,38366,(545) 255-2266,1,230757
378,Billy,Farmer,261,Leved Ridge,Icogompir,WA,16521,(980) 759-2772,0,19584
379,Alice,Horton,374,Romo Trail,Ohivutu,AL,39069,(702) 555-5158,0,139825
380,Mattie,Shaw,113,Haguk Point,Tupawuvo,AR,82371,(744) 520-2569,0,169939
381,Cole,Baldwin,704,Besriz Terrace,Afvipo,AZ,12987,(704) 345-6635,1,111080
382,Lola,Stephens,496,Hagaj Point,Dosrosan,NY,47992,(258) 306-2774,0,63214
383,Margaret,Fields,578,Pelma Glen,Temucas,IN,78257,(315) 726-8341,0,47197
384,Nelle,Morton,485,Wajwa Grove,Opwuwof,NH,62811,(218) 562-7239,1,166375
385,Loretta,Higgins,656,Hesri Court,Epogehe,LA,28533,(485) 236-6122,0,120697
386,Nettie,Fuller,234,Zobi Loop,Doponri,VA,61545,(276) 335-5584,0,109827
387,Sally,Hernandez,153,Huero Junction,Zoufiumi,AR,22886,(603) 316-3861,0,239291
388,Amanda,Morgan,894,Gifub Pass,Mapipub,WV,42908,(414) 457-5630,1,78137
389,Tommy,Owens,830,Fapror Turnpike,Wehoki,DC,40874,(481) 404-7297,1,157891
390,Eddie,Gardner,180,Detet Plaza,Ivowood,AZ,13022,(413) 201-8382,0,78018
391,Johnny,Alexander,942,Gavom Extension,Risigdiv,VA,87368,(347) 459-3552,1,241636
392,James,Quinn,248,Acuepa Square,Sakafre,UT,33158,(237) 672-7718,1,166631
393,Lucas,Cobb,809,Vite Junction,Ikozujku,IN,96973,(377) 272-6586,0,51811
394,Gordon,Barrett,676,Sauk Square,Zovemid,UT,88706,(905) 339-4773,0,15122
395,Mittie,Holt,317,Takif Glen,Ocisemjo,NE,18272,(422) 746-6078,0,22699
396,Emily,Simon,886,Udusi Boulevard,Tojevfup,IL,80876,(222) 489-7470,0,75082
397,Rosa,Shaw,403,Alkem Ridge,Hizipdad,GA,92517,(741) 879-2914,1,176534
398,Martha,Reid,037,Feas River,Carjasjeb,ND,57592,(601) 362-8106,0,186793
399,Rena,Tucker,728,Cogu Glen,Alidezir,MA,22329,(285) 826-8461,1,17440
400,Lida,Gregory,789,Kavina Heights,Goovrez,WA,57261,(916) 816-1878,0,42885
401,Abbie,Baker,710,Modek Place,Iteabac,MN,36393,(925) 788-2828,1,93133
402,Etta,Adams,351,Nehov Square,Ujerda,WI,28394,(450) 560-9653,1,5740
403,Nicholas,Tyler,076,Ceza River,Gazsivuw,AL,74989,(407) 310-7057,1,236936
404,Larry,Rose,286,Ihupo Key,Akbusud,NH,25713,(277) 983-9481,0,86190
405,Estella,Logan,337,Sumoc Avenue,Bawsohu,ME,65094,(847) 327-9947,1,148457
406,Alexander,Fisher,687,Vapan Manor,Palodcot,MA,94138,(372) 837-9224,0,8670
407,Eula,Neal,344,Hutet Lane,Nusazfo,PA,59521,(205) 233-9808,1,48096
408,Cecelia,Cannon,138,Pudsuc Lane,Lupedi,PA,42955,(349) 244-9038,0,64116
409,Myrtle,Page,448,Ocva Extension,Fafaup,NE,90819,(879) 595-5609,1,244908
410,Ora,Hudson,687,Rige Pass,Ivwobiw,AL,17762,(910) 316-8963,1,203883
411,Sophia,Page,113,Ijire Way,Ojocuvpe,TN,99299,(472) 632-6674,0,172028
412,Ernest,Rios,675,Giden Key,Runahja,NM,78527,(400) 216-2170,0,140092
413,Beulah,Gross,427,Hobfuk Pass,Jewuon,MN,22469,(973) 381-4489,1,87132
414,Ruth,Rogers,484,Akjaw Loop,Fojoztu,MN,27672,(945) 617-7216,0,16146
415,Isabella,Ramirez,366,Cighu Road,Wemcapob,GA,16766,(209) 624-1676,1,146055
416,Mildred,Burgess,327,Bubi Manor,Cikoweg,KS,66327,(886) 446-5663,1,56702
417,Harry,Newton,752,Soim Road,Vudepnas,NC,20449,(236) 298-3608,1,126281
418,Nellie,Miller,013,Lufes Plaza,Ehheig,RI,10120,(966) 758-2313,0,2175
419,Nancy,Fernandez,632,Secla Street,Awiezcas,AR,02597,(467) 625-7268,1,230612
420,Leo,Salazar,588,Wuaku Street,Gegduve,MA,01884,(363) 225-3944,0,109411
421,Alfred,Rogers,806,Nate Pike,Niciheki,FL,16291,(433) 395-6649,0,31261
422,Johanna,Cain,940,Zeglut Place,Poudvav,AK,66229,(871) 657-2904,0,163674
423,Christian,Fuller,281,Ojca Place,Ketlejnob,GA,88442,(240) 866-9546,1,107872
424,Nicholas,McKenzie,138,Ujih Court,Tuckofev,NC,75739,(722) 493-5386,1,169346
425,Winifred,Poole,490,Buke Drive,Gewojot,MS,53782,(460) 407-6674,0,157511
426,Winifred,Norman,622,Jatze Key,Upanowap,MA,19718,(342) 626-9594,0,33090
427,Brian,Norris,659,Amoro Junction,Sohceseh,ND,40338,(825) 999-3081,1,166347
428,Glenn,Washington,859,Unbuc Key,Wuwure,NJ,99961,(226) 468-5004,1,182802
429,Nathaniel,Terry,299,Jiar Heights,Eboelufob,NJ,64259,(204) 950-5617,1,97838
430,Tony,Graves,456,Ahowa Center,Luwahuvej,OH,07080,(626) 205-6514,1,1102
431,Nelle,McGee,580,Aluji Turnpike,Ukiabgok,TX,47865,(634) 208-2412,1,244686
432,Sally,Caldwell,440,Hiksu River,Kizkeli,MD,10804,(245) 274-2810,0,225273
433,Alta,Yates,030,Ifso Manor,Ahamiwwi,RI,22171,(988) 726-2866,0,232292
434,Amelia,Daniels,304,Foza View,Webdeshis,LA,62368,(369) 531-9496,0,165743
435,Wayne,Hanson,925,Muer Court,Fipatzoh,ND,58071,(862) 663-3672,1,46260
436,Angel,Daniels,641,Diwu Way,Riluvze,LA,04817,(935) 960-8081,0,198484
437,Loretta,Morrison,861,Nibew Pike,Locokas,MS,82793,(904) 435-6286,1,114610
438,Hannah,Hill,189,Joeja Park,Kiwruur,DC,05109,(836) 723-7046,0,200006
439,Florence,Bryan,685,Civo Court,Rijumpu,TX,45173,(283) 936-3369,1,8090
440,Christopher,Guzman,088,Zihlo Grove,Ozcorfa,CA,53219,(466) 618-8181,0,4966
441,Jessie,Lopez,302,Sudife Grove,Ehbuwaz,HI,85474,(930) 776-9315,0,117216
442,Charlie,Gutierrez,536,Pegufi Loop,Gonudhu,VT,52447,(654) 216-4725,0,124221
443,Pearl,Phelps,595,Nioke Drive,Egtofur,NM,15497,(661) 811-9124,1,52194
444,Cody,Edwards,997,Ecre River,Kukeceb,MT,10222,(341) 395-6082,0,182506
445,Irene,Davidson,644,Gijuf Key,Wahbenhaj,AR,78888,(511) 451-9790,0,31487
446,Elnora,Stephens,485,Gagoc Key,Jidzolac,WV,69233,(650) 849-7771,1,239417
447,Lina,Fowler,319,Jezci Plaza,Owiomifan,MN,09413,(556) 706-1961,0,63173
448,Peter,Simpson,420,Jozpik Highway,Ameofehon,ID,87723,(688) 300-8870,1,133807
449,Isabelle,Cook,258,Gama Road,Ukuhecpiz,MS,72497,(365) 819-4569,0,228911
450,Lina,Joseph,192,Lafafa Path,Tezile,SD,76740,(526) 458-9463,0,31516
451,Rebecca,Park,205,Ovca Trail,Kuranpe,GA,57841,(218) 860-9340,1,174070
452,Jon,Cook,252,Hujlod Place,Liknolki,IN,52842,(585) 976-3041,0,159696
453,Allen,Poole,688,Lahoru Grove,Woiceduj,IA,30646,(902) 423-2566,1,159487
454,Glenn,Garrett,693,Urig Key,Ojrignop,FL,55043,(936) 717-7587,1,217280
455,Calvin,Robbins,059,Rarza Heights,Dojzojmo,IN,38907,(766) 730-3088,1,218618
456,Joseph,Gregory,038,Tiopa Avenue,Zetocuz,MD,94093,(246) 818-9966,0,183622
457,Nellie,Ray,807,Kena Lane,Lararca,MA,94785,(749) 260-9999,0,108831
458,Marvin,Farmer,759,Tutu Point,Morafij,VT,42845,(850) 662-3401,0,93894
459,Chris,Perez,055,Osimo Drive,Tofsefwi,CT,82526,(460) 365-7697,1,112746
460,Esther,Norman,908,Tove Lane,Acakizboh,NE,05450,(617) 530-8489,1,67180
461,Amy,Schultz,783,Tucoj Trail,Leghove,TX,03742,(533) 261-7722,0,74601
462,Craig,Bradley,436,Kezac Path,Esasepef,NY,75175,(367) 602-8251,1,166120
463,Pauline,Powell,119,Mihno Road,Udcugif,OK,94434,(218) 689-1973,0,211562
464,Louise,Thompson,520,Vevpi Path,Ebmidwa,NV,36895,(440) 652-8105,1,91338
465,Harvey,Holt,102,Hossuk Pike,Ovodatag,NH,93031,(277) 452-1582,1,86153
466,Danny,Osborne,807,Pitij Center,Poodsu,NC,05999,(822) 734-5902,0,67680
467,Jerome,Hammond,498,Likwo Trail,Bupzasto,NJ,87612,(456) 542-2351,1,80485
468,Joel,Webster,638,Futa Grove,Molloji,VA,58370,(518) 857-9798,1,29909
469,Joe,Mendez,696,Uhko Key,Cuhogdor,TN,89171,(643) 826-7186,1,48591
470,Chester,Wallace,587,Hece River,Voowzo,AL,54480,(883) 601-4030,1,234171
471,Sophie,Armstrong,295,Uzpa Terrace,Wuzfalo,TX,23203,(432) 329-9963,1,237788
472,Bertie,Jones,934,Jara Turnpike,Cetulkud,GA,05036,(867) 524-8011,0,2687
473,Polly,Adams,995,Bokmu Lane,Sisolufo,CO,24507,(686) 742-4669,0,81466
474,Evan,Erickson,450,Hishu Pike,Velodaki,DC,00017,(328) 315-1420,0,40302
475,Bradley,Freeman,603,Desbef Lane,Dufjowku,ID,22160,(913) 933-3554,0,35824
476,Ryan,Roy,753,Juhti View,Semogge,GA,01866,(881) 507-4536,1,87743
477,Flora,Perkins,061,Ococog Boulevard,Sobtommi,AR,13555,(623) 640-7731,1,156826
478,Viola,Beck,978,Efecac Square,Duccucid,HI,91111,(379) 280-7302,0,160902
479,Jimmy,Floyd,459,Honit Heights,Laofup,CO,36345,(750) 938-2761,1,229479
480,Howard,Spencer,966,Kuvmu Point,Kalpafze,MT,61986,(488) 876-1451,0,220191
481,Mitchell,Boone,377,Sucru Path,Madreno,WY,87922,(751) 594-3383,1,167932
482,Rachel,Russell,113,Savis Ridge,Zevzizeva,IA,82391,(468) 581-4251,0,118864
483,Antonio,Garza,470,Kufo Avenue,Zuheha,PA,31415,(417) 504-5641,1,9772
484,Lee,Mills,375,Adze Avenue,Agujiwpi,IA,25522,(901) 667-1324,0,225898
485,Lily,Patterson,828,Pojgor Ridge,Halekcu,CO,33933,(418) 382-5055,0,158342
486,Roger,Jackson,843,Zuta Terrace,Sadafun,MO,89770,(783) 778-5663,1,21961
487,Rosalie,Singleton,544,Kuna Ridge,Sekjesmu,AR,57333,(340) 614-5137,0,17937
488,Hulda,Drake,811,Gaaka Street,Gouhap,CT,82848,(259) 549-4338,0,48953
489,Isabella,Butler,268,Lokodu Junction,Suhizima,RI,25018,(616) 593-3529,1,179595
490,Warren,Schneider,521,Vowpe Trail,Ezopoda,KY,01563,(276) 307-3453,1,47930
491,Beatrice,Bell,117,Bahba Terrace,Pissopu,AK,18420,(989) 708-7227,0,106083
492,Minnie,Bowman,148,Opevok Junction,Ikrontak,SD,28646,(325) 461-2360,0,61189
493,Jim,Barnett,242,Hobi Highway,Covjurtu,DC,64204,(815) 894-4773,1,56973
494,Minnie,Shaw,358,Owdoz Loop,Halizdu,IN,37439,(421) 418-5059,0,21762
495,Michael,Kelley,362,Vuszu View,Upgunor,MI,34165,(644) 940-1148,0,25349
496,Lois,Quinn,651,Araluf Court,Lorepci,MT,71119,(329) 601-3468,0,206062
497,Elsie,Waters,991,Asuboz Mill,Kadjuzel,MI,12302,(418) 504-1033,1,218916
498,Henry,Reeves,968,Vuni Avenue,Bowtijna,WY,99975,(929) 872-7202,1,18614
499,Essie,Garrett,910,Pinzih Place,Vadazje,DC,99576,(538) 711-5101,1,117221
500,Rachel,Gonzales,416,Letici Turnpike,Gamsegfuz,MO,03017,(832) 881-9816,0,149397